date,Dealer_L,Dealer_S,AM_L,AM_S,LM_L,LM_S,OR_L,OR_S,NR_L,NR_S,open,high,low,close
2016-09-13,32244,115851,65941,26813,118148,75295,12206,14815,29205,24970,4740,4756.2002,4701.79,4722.8501
2016-09-20,23972,133134,80986,26913,123312,73104,11517,8585,27814,25865,4813.7798,4824.21,4797.7798,4805.2202
2016-09-27,22205,151872,80836,26812,143483,72794,11067,9506,30278,26885,4813.8901,4868.3799,4811.2798,4866.71
2016-10-04,21422,149660,81349,28993,142225,71431,12326,9254,29157,27141,4880.5698,4891.5,4841.7202,4859.4702
2016-10-11,20785,150027,69777,29920,147275,69573,7744,8699,41095,28457,4890.1699,4890.1699,4804.2402,4821.9102
2016-10-18,21354,156905,85697,28576,150318,75954,10084,9448,29855,26425,4849.9102,4860.6802,4837.3101,4839.7202
2016-10-25,16807,173081,85647,28763,165582,67326,9007,9862,31120,29131,4908.1802,4911.7598,4885.8999,4891.4502
2016-11-01,15121,175631,71699,29732,183669,65141,8966,9068,28041,27924,4810.2998,4811.02,4726.3501,4766.9399
2016-11-08,13868,157473,65442,32282,172428,64285,8075,8740,26897,23930,4766.48,4824.9702,4757.25,4804.9199
2016-11-15,32135,93757,61164,32238,112768,85033,9397,7963,26905,23378,4733.5698,4778.6499,4727.98,4764.4702
2016-11-22,28811,98714,64142,30882,106962,76065,11993,9599,28799,25447,4876.9199,4884.6299,4861.0801,4873.8398
2016-11-29,36548,102262,65183,30282,102942,76433,10722,11421,30600,25597,4859.8501,4896.5698,4848.8901,4873.21
2016-12-06,59998,85922,53233,35219,82237,74902,10830,8927,31323,32651,4786.0601,4796.5801,4769.3901,4788.6699
2016-12-13,45584,94260,42607,30989,94389,66663,8816,11708,32951,20727,4893.6499,4960.48,4890.1499,4935.8398
2016-12-20,13037,90738,65306,25109,98732,69314,6532,6637,29481,21290,4948.3398,4961.5498,4944.3198,4953.7998
2016-12-27,14720,99297,61460,24362,103202,62576,6394,9111,29355,19785,4948.9199,4992.0801,4947.5898,4965.8101
2017-01-03,21615,93188,61153,27166,98112,65104,9662,13268,28818,20634,4900.8501,4928.4902,4884.52,4911.3301
2017-01-10,22653,83651,63184,26774,89501,66707,9086,9393,28928,26827,5027.5,5049.8301,5016.1899,5035.1699
2017-01-17,22208,87178,63936,26896,93345,66379,8338,10226,29075,26223,5043.0698,5053.2002,5029.6099,5044.6499
2017-01-24,26594,83614,58785,28124,92748,62749,6837,9399,28881,29959,5079.6099,5108.2202,5068.3701,5101.0601
2017-01-31,26274,97519,64615,27644,101645,66475,6899,10884,29219,26130,5107.4702,5116.7998,5086.3301,5116.77
2017-02-07,30452,82826,60498,25805,93449,73569,9080,10863,28787,29203,5178.8501,5196.27,5174.3398,5185.8799
2017-02-14,30119,76028,59236,25527,92128,74777,9127,10938,28744,32084,5251.3599,5271.1001,5238.6899,5271.0698
2017-02-21,32046,66580,55524,25608,97544,78518,8813,19771,29599,33049,5334.5698,5353.1602,5330.4702,5350.73
2017-02-28,31592,68917,48140,26626,106013,79628,8143,18568,30786,30935,5344.1802,5347.4702,5316.7002,5330.3101
2017-03-07,31762,50465,39969,28964,98974,80823,9741,20307,30794,30681,5348.2002,5373.2598,5341.4302,5351.2798
2017-03-14,36636,44850,42813,31569,92449,89066,10544,18946,37896,35907,5382.79,5384.8799,5360.7002,5382.1699
2017-03-21,12593,75734,74356,27678,93849,76179,10248,16610,32351,27196,5433.2798,5439.5801,5328.71,5332.5298
2017-03-28,12945,82534,77676,23589,99805,75754,7631,18530,31567,29217,5371.8999,5422.25,5363.29,5407.21
2017-04-04,13112,84839,70449,27192,105511,72156,11016,14905,30284,31280,5415.5298,5441.3398,5415.2998,5440.4102
2017-04-11,18437,96051,71898,26623,109079,71668,10293,14823,30802,31344,5413.9102,5422.79,5359.1401,5398.3999
2017-04-18,18823,103342,67303,28412,119978,69046,9314,14399,30829,31048,5383.7402,5405.54,5377.9102,5391.6602
2017-04-25,17218,114112,71824,25277,135684,74826,8408,17964,32055,33010,5523.48,5557.9302,5521.52,5548.1899
2017-05-02,20339,106876,72766,26190,125468,75850,7942,15967,33001,34633,5642.4102,5645.0801,5625.4902,5644.0698
2017-05-09,23588,110521,73687,25152,121642,71766,8503,17358,31763,34386,5667.98,5691.21,5664,5678.3101
2017-05-16,29927,97769,71672,24797,114117,80055,9161,18907,32680,36029,5715.1499,5724.71,5699.4102,5724.4399
2017-05-23,34808,99531,64572,23749,113891,81120,9187,15481,32135,34712,5714.9399,5716.5498,5690.2002,5703.3501
2017-05-30,30733,103405,65056,23815,122517,81995,8332,16436,35038,36025,5785.3799,5799.9902,5781.3701,5794.6299
2017-06-06,27349,124511,76601,30384,138828,86888,13677,17056,36578,34194,5869.48,5890.8799,5848.3198,5856.77
2017-06-13,27921,113752,65493,30545,138125,94798,20932,16608,38638,35406,5740.21,5760.54,5709.1699,5751.8198
2017-06-20,6848,113503,91270,32348,120713,76102,10952,15657,37279,29452,5763,5772.1699,5725.0098,5726.3101
2017-06-27,15194,97146,82864,35429,124445,85312,10444,17110,36054,34004,5752.7202,5761.04,5671.6001,5671.6001
2017-07-03,36742,94105,75628,39305,116522,90304,11248,18542,35876,33760,5680.3599,5684.98,5592.5298,5596.96
2017-07-11,45344,84945,72486,40107,105054,84505,9498,16901,31936,37860,5687.0298,5717.9102,5667.27,5709.7998
2017-07-18,35716,83288,73798,40864,116343,85632,9151,18348,32058,38934,5832.9199,5880.5498,5818.2002,5880.1001
2017-07-25,40575,93249,66449,42521,125418,80400,8875,18445,32679,39381,5927.1001,5945.0601,5916.29,5930.6499
2017-08-01,46047,91155,63364,39471,122180,88272,9193,16191,34299,39994,5900.6401,5905.29,5880.4502,5895.1699
2017-08-08,54914,87037,62604,40532,119882,91334,9867,19349,30972,39987,5922.6401,5972.9302,5910.5,5926.3501
2017-08-15,59680,78285,60561,41905,120990,95926,8779,22240,32484,44138,5917.29,5919.75,5893.8501,5907.73
2017-08-22,72066,69157,56667,45602,98786,97366,12033,21378,34190,40239,5817.29,5879,5817.02,5873.3301
2017-08-29,83178,62375,52341,46107,95658,102011,9506,22157,33108,41141,5785.29,5871.79,5785.2202,5862.1401
2017-09-05,78342,64221,52086,42308,88428,94263,11869,20351,32158,41740,5966.6401,5980.9102,5890.25,5932.73
2017-09-12,87126,71479,52176,53334,91065,89742,12895,19573,34433,43567,5998.75,6002.9702,5968.0898,5995.6401
2017-09-19,47396,76043,75022,54559,85575,63964,6958,16715,31488,35158,5991.9302,5998.2402,5971.1699,5991.0801
2017-09-26,58323,68677,69877,56854,80790,73618,7935,14307,33083,36552,5893.1802,5908.4702,5862.9902,5881.3398
2017-10-03,64395,69721,67964,53116,80419,77417,7196,16017,32509,36212,5986.8501,5999.1899,5976.6499,5995.0601
2017-10-10,65454,75513,68391,55545,88538,76768,7839,17145,33277,38528,6078.27,6084.1401,6036.7202,6063.52
2017-10-17,62722,71545,68536,57475,87623,71317,7211,18843,33330,40242,6111.3198,6122.8198,6103.6602,6122.6099
2017-10-24,57235,74389,63043,52212,91957,72781,7355,18221,36367,38354,6078.02,6090.8901,6057.6899,6080.2202
2017-10-31,47588,75294,64747,50431,89222,63226,7320,17530,35389,37785,6241.8799,6258.4199,6229.1499,6248.5601
2017-11-07,51376,76477,61575,49432,88170,60409,7830,18392,34252,38493,6314.6899,6328.5801,6299.5298,6320.7798
2017-11-14,55416,70851,60467,47961,95589,73785,6745,21112,34597,39105,6293.3301,6300.46,6263.77,6293.6401
2017-11-21,59771,80552,71081,55849,86668,63891,7516,22640,35671,37775,6336.9102,6380.0698,6336.2598,6378.6299
2017-11-28,64965,74758,71439,58335,88029,70402,6999,25275,35183,37845,6419.48,6426.04,6385.3198,6422.5601
2017-12-05,60722,68859,74458,62377,92868,87408,8537,21333,39760,36368,6242.4702,6337.0601,6235.77,6265.1099
2017-12-12,68844,66763,67670,63181,81098,77383,8611,20182,40684,39398,6389.4702,6403.5,6371.6899,6383.6499
2017-12-19,39508,52148,102865,60065,79423,102134,7259,18105,34280,30883,6505.3599,6510.8701,6462.79,6480.6699
2017-12-26,53870,49757,90751,60561,82771,117039,9266,16139,37177,30339,6427.3198,6438.2402,6407.9902,6433.1602
2018-01-02,49341,50827,78236,55400,88400,106241,10158,14999,34478,33146,6431.5898,6513.02,6417.75,6511.3398
2018-01-09,44358,50041,80279,55994,75578,86872,8423,15202,35003,35532,6692.8701,6696.1201,6658.27,6677.9399
2018-01-16,52843,64646,79145,56480,78975,83656,10689,17349,35447,34968,6807.8501,6835.79,6719.1099,6737.1401
2018-01-23,58822,63947,74155,57012,61093,71998,10998,14399,35153,32865,6928.27,6969.3999,6926.3701,6963.46
2018-01-30,56196,67373,69443,57742,64624,64713,11435,16988,37851,32733,6910.3901,6958.79,6894.6299,6930.73
2018-02-06,51892,67854,55736,51215,73991,65550,10960,13810,35674,29824,6378.6001,6673.4102,6370.48,6665.98
2018-02-13,74618,24251,41840,67104,51384,78757,12727,11587,29302,28172,6482.77,6567.6201,6478.4102,6553.8599
2018-02-20,84183,26390,43205,60721,41359,76980,10690,10088,29922,35180,6742.1499,6838,6740.48,6779.6899
2018-02-27,78051,38604,51754,67099,34295,55210,11025,9292,31140,36060,6984.8301,7003.1299,6900.3501,6900.3501
2018-03-06,74022,43123,43296,70773,48533,53149,8312,6809,33902,34211,6919.79,6937.0298,6872.0601,6913.02
2018-03-13,69616,52740,47061,69072,56631,55086,9061,8271,38203,35403,7172.25,7186.0898,7025.8301,7046.5098
2018-03-20,45900,61121,75829,54240,54627,57853,8097,14042,35824,33021,6871.0898,6902.23,6845.8501,6885.9199
2018-03-27,59880,51025,61161,51205,53230,66495,8683,14403,33885,33711,6791.3901,6793.5,6479.5601,6529.8398
2018-04-03,72354,37532,58682,61654,58232,87844,8189,14304,34518,30641,6448.0498,6485.27,6343.8999,6458.8301
2018-04-10,71780,37965,53475,62107,55595,83276,8061,7582,31372,29353,6585.5298,6639.9702,6534.8901,6615.8701
2018-04-17,75801,42759,46991,61633,53999,66881,6822,9960,30346,32726,6738.6499,6834.3101,6729.79,6816.3701
2018-04-24,87655,27971,42855,59545,48245,89949,7294,11160,33918,31342,6680.8799,6688.8901,6464.7402,6509.0498
2018-05-01,84165,34213,44984,59039,45961,69821,9397,19191,30972,33215,6592.9302,6685.4102,6578.2598,6681.96
2018-05-08,82520,45709,46816,56642,45701,67414,7917,9358,30231,34062,6813.9102,6830.8701,6770.2998,6815.48
2018-05-15,86625,37452,51529,60757,51324,76086,6592,9859,33613,45529,6909.3198,6912.04,6852.73,6888.54
2018-05-22,88552,38360,50019,62080,43506,83887,8458,7632,33210,31786,6934.7002,6947.4302,6883.75,6893.6201
2018-05-29,85507,51761,50845,61525,46913,73505,13531,7380,32301,34926,6928.5,6964.6499,6887.1201,6926.54
2018-06-05,71115,62885,54820,59427,59203,64506,12776,9213,34254,36137,7162.4102,7179.8198,7137.1299,7166.75
2018-06-12,73026,48925,49581,60399,53059,67136,13471,10972,36960,38665,7181.6699,7214.4902,7173.7598,7209.1802
2018-06-19,43578,52728,80217,49472,50108,69714,8541,6831,33703,37402,7158.7998,7229.9902,7138.02,7228.04
2018-06-26,48085,51434,80003,47902,51408,82817,8606,5242,37290,37997,7061.23,7108.4502,7040.0601,7068.2002
2018-07-03,47581,53033,74573,53153,63902,84308,8839,5258,37085,36228,7121.71,7122.4502,7009.5098,7014.5498
2018-07-10,45234,58807,77333,47408,64143,87137,12752,5641,35481,35950,7287.0498,7297.79,7257.4902,7282.6001
2018-07-17,43939,69998,76602,48297,70196,79279,12524,6275,36699,36111,7291.48,7418.4302,7288.2998,7403.8901
2018-07-24,48297,69026,74166,49388,59717,65312,7775,8430,40598,38397,7455.5098,7475.9902,7375.7402,7406.25
2018-07-31,57424,69341,66506,49738,61198,66227,7975,7161,35416,36052,7219.6699,7272.96,7179.4102,7231.98
2018-08-07,66362,72344,69515,50045,53948,64889,11260,8665,33732,38874,7459.3198,7478.96,7443.8799,7462.6499
2018-08-14,67944,71939,64704,48352,52681,59704,7637,6546,33390,39815,7430.4502,7455.4199,7390,7447.1699
2018-08-21,67421,69458,63945,51506,52761,60297,8631,10036,35109,36570,7393.46,7441.4199,7388.3701,7397.23
2018-08-28,68954,74474,64359,53018,58996,58209,9200,11826,34483,38465,7580.8501,7588.7202,7556.71,7570.25
2018-09-04,69265,76251,86901,54903,55019,68801,7890,13373,36386,42133,7629.3398,7643.4502,7581.3501,7622.3198
2018-09-11,82018,68507,82302,70872,43533,67356,9540,10404,36802,37056,7415.0898,7519.4502,7401.7202,7507.8701
2018-09-18,82706,64001,80690,68652,34810,63453,8377,10231,37903,38149,7440.8599,7531.2002,7436.5298,7494.3999
2018-09-25,49326,83483,106515,51210,37814,58287,9606,9193,33206,34294,7552.02,7568.1699,7525.1899,7563.1899
2018-10-02,43768,82192,104115,53679,48740,55125,7672,11435,33927,35791,7632.3701,7685.3599,7610.25,7628.2798
2018-10-09,67198,67667,87516,61358,35757,60482,10714,12493,36337,35522,7352.4399,7430.3599,7339.8599,7371.6201
2018-10-16,79566,66069,67842,62913,48061,53886,8977,14685,32200,39093,7141.6699,7291.2598,7133.29,7276.4302
2018-10-23,77081,60772,58846,60660,60037,64492,8527,17401,34980,36146,7002.6899,7149.1299,6933.5601,7118.6699
2018-10-30,84505,50629,52690,74834,53257,50136,7915,16752,32813,38829,6673.8398,6816.27,6652.5298,6810.1201
2018-11-06,94359,38879,53859,83979,38852,51035,8689,16280,29130,34716,6939.1299,7024.7798,6928,6988.8501
2018-11-13,95410,38890,54854,82232,38078,54982,6629,10864,31383,39386,6858.5898,6951.4399,6811.6802,6830.9102
2018-11-20,85192,50702,58061,85018,38966,39084,8999,13290,35598,38722,6475.6802,6614.0098,6442.3599,6526.96
2018-11-27,81022,55812,53134,82319,48280,39042,8277,9279,30854,35115,6639.3901,6715.4102,6609.0801,6701.04
2018-12-04,95772,44966,53629,84164,32653,47879,6516,10005,32787,34343,7026.8101,7045.6802,6785.8501,6795.21
2018-12-11,93234,54963,53306,84304,47279,53809,8804,8078,29772,31241,6782.4102,6788.4702,6650.8301,6704.2402
2018-12-18,70140,53609,51106,75043,57295,51075,10006,10993,39237,37064,6503.1201,6551.04,6434.6001,6491.52
2018-12-24,37339,44686,49602,71257,67201,44699,10581,9136,34563,29508,5994.0801,6075.1699,5895.1201,5899.3501
2018-12-31,70539,36771,48361,69474,41791,44498,4839,10584,27189,31392,6354.8501,6365.3901,6273.9399,6329.9702
2019-01-08,91052,37060,46753,63630,28983,42487,4861,11313,23689,40848,6555.9102,6574.73,6457,6551.8501
2019-01-15,98242,39303,46718,60657,25174,46642,5487,9407,23154,42766,6571.1499,6674.5298,6567.3198,6669.6401
2019-01-22,91858,49405,49378,58475,28338,47824,5107,8749,22257,32485,6736.6499,6738.5698,6603.5601,6646.8101
2019-01-29,83944,54020,50229,56771,44037,50064,5099,6618,23719,39555,6695.71,6701.4702,6613.4199,6632.79
2019-02-05,83376,49922,55310,48552,33513,55560,5900,6179,26794,44680,6969.3701,7029.77,6967.9399,7023.52
2019-02-12,86048,51586,56376,64939,29682,41383,8455,6707,25826,41772,6960.5498,7021.7598,6948.3301,7014.6699
2019-02-19,89196,53849,59475,66327,28472,42110,8566,7927,25626,41122,7033.3701,7089.1001,7032.7798,7066.6099
2019-02-26,87825,54192,63077,68573,29696,42658,7099,6891,25818,41201,7098.9702,7144.6499,7087.1401,7123.2202
2019-03-05,94796,54476,62304,67007,27312,44877,7510,8556,26132,43138,7156.6602,7178.2998,7120.6899,7156.79
2019-03-12,103710,46228,55381,69353,29119,53956,6505,8290,30990,47878,7176.23,7219.4102,7166.9502,7201.2798
2019-03-19,66853,36852,64879,63480,23740,46809,9144,7621,28501,38355,7357.5801,7390.29,7321.9302,7349.2798
2019-03-26,50216,46072,68313,48155,29788,47243,8696,6908,29543,38178,7378.23,7417.2598,7314.3799,7351.1499
2019-04-02,55124,48433,70463,45443,24633,50789,9462,7617,29128,36528,7473.5098,7507.0498,7461.5098,7499.6401
2019-04-09,53701,52610,73866,43244,24834,50293,9295,7483,30531,38597,7571.8799,7596.75,7555.6201,7568.4902
2019-04-16,55927,45170,72785,48587,27273,54231,10188,7903,33210,43492,7651.1899,7670.3999,7631.6401,7654.73
2019-04-23,53925,49248,72989,55136,40804,54569,7485,6966,32487,41771,7724.1699,7819.3398,7719.0898,7810.71
2019-04-30,53250,54133,73446,54023,43531,55959,7974,6927,32322,39481,7769.2998,7792.3198,7726.0698,7781.46
2019-05-07,51656,44323,69888,53182,40976,54731,3963,10291,33145,37101,7713.4902,7743.0601,7572.6099,7640.1499
2019-05-14,58605,37505,67469,37823,39940,74969,4007,11953,32327,40098,7366.6401,7449.0298,7337.9399,7401.8799
2019-05-21,53735,47020,73184,35339,40287,71490,6400,13197,32636,39196,7442.3101,7472.71,7417.0698,7451.02
2019-05-28,54355,45479,78989,44411,39355,72971,6295,12814,34803,38122,7321.27,7362.29,7274.7002,7278.3799
2019-06-04,58465,40486,76661,47976,40475,73773,5198,13496,31557,36625,7056.1802,7169.79,7023.0898,7166.75
2019-06-11,55495,45380,82879,50336,34035,65634,5073,9450,33696,40378,7584.75,7595.5698,7489.9902,7513.8501
2019-06-18,51758,52988,81600,47385,26959,54698,6065,10364,35346,36293,7606.6099,7689.0801,7595.5898,7635.3999
2019-06-25,29884,62435,87721,39005,48255,58462,9123,11174,30533,34440,7720.9102,7723.04,7584.1699,7591.54
2019-07-02,31643,57954,83613,37790,45989,52840,5555,13170,30959,36005,7763.0298,7800.4702,7746.0098,7799.8198
2019-07-09,32332,57066,80516,37290,48007,51622,4114,12710,32395,38676,7748.29,7833.9302,7748.23,7826.8599
2019-07-16,27334,59741,87650,35177,53307,60993,4914,12800,34082,38576,7958.4399,7965.7598,7904.9502,7927.0801
2019-07-23,37014,59482,86268,37677,53319,65471,3641,13614,34912,38910,7946.0498,7955.0898,7895.0498,7954.5601
2019-07-30,38729,57892,90548,38749,50046,67067,3431,12862,32964,39148,7927.5601,7983.1099,7923.4502,7952.4702
2019-08-06,34820,47677,94787,36471,26705,50880,3348,13791,31909,42750,7492.02,7541.7402,7432.3101,7521.3198
2019-08-13,38145,42729,86488,35282,22846,49999,3425,13923,31675,40646,7553.4302,7778.3398,7553.3301,7728.1499
2019-08-20,44433,36135,82499,36237,18276,54442,3712,11592,31049,41563,7708.3101,7731.3101,7664.21,7664.4702
2019-08-27,49229,37052,83530,40538,18772,53163,3306,11339,32119,44864,7630.46,7640.6802,7531.96,7566.0298
2019-09-03,46398,41514,83656,41465,20342,51317,3100,10850,33334,41684,7634.0298,7670.1699,7584.8198,7609.5098
2019-09-10,38960,46155,80006,42565,34958,54054,3781,11423,33973,37481,7793.2798,7817.5801,7743.6099,7814.7402
2019-09-17,35957,49915,88296,45886,42693,55044,3857,11437,34533,43054,7849.8799,7891.21,7840.9902,7888.79
2019-09-24,32505,42600,81901,44446,44709,57441,3394,11264,29995,36753,7855.9702,7873.25,7684.7998,7710.04
2019-10-01,33370,45749,85067,45150,43323,52309,3485,13631,30454,38860,7782.8198,7821.7202,7675.4199,7684.1401
2019-10-08,38557,39878,76449,47973,43561,51492,3157,15044,31094,38431,7671.3799,7707.1699,7603.7598,7604.27
2019-10-15,34989,43102,83968,46401,52295,56128,2877,15896,29793,42395,7867.96,7960.1401,7863.6499,7942.8501
2019-10-22,36680,50309,87165,44159,48148,59556,3163,15217,32656,38571,7968.25,7977.0098,7871.98,7874.6201
2019-10-29,33228,58286,91178,45389,58765,60293,3445,13848,32965,41765,8101.5498,8108.6099,8045.6401,8047.5098
2019-11-05,34640,55666,91500,38568,53310,65047,3872,11744,32655,44952,8225.3496,8229.0898,8191.0498,8210.1797
2019-11-12,33710,55271,95303,40313,54419,67284,3587,12088,32413,44476,8249.6201,8293.1797,8238.3301,8263.79
2019-11-19,32184,49591,97249,38582,51824,71753,3651,12645,33566,45903,8357.4297,8357.7998,8308.2803,8338.7402
2019-11-26,33409,43399,98307,38167,41497,71777,3870,12659,34445,45526,8374.2598,8398.04,8364.1104,8385.75
2019-12-03,41118,38006,81196,39022,34927,61838,4251,13781,33554,42399,8201.6299,8258.4004,8167.3599,8254.7402
2019-12-10,45833,34706,71316,37986,37545,64521,4833,13288,34699,43725,8364.5498,8392.8896,8339.3701,8354.29
2019-12-17,42973,37142,65714,42245,56441,72755,5731,10294,36169,44592,8586.3301,8592.4502,8564.1504,8575.7002
2019-12-24,21883,49985,83795,41957,53046,57349,4916,11191,32952,36110,8705.2998,8708.2197,8684.1201,8699.5098
2019-12-31,21743,57643,81146,40447,58921,58007,4774,11145,36716,36058,8681.3301,8735.4297,8674.3799,8733.0703
2020-01-07,21830,47504,77914,44759,54684,51020,4817,11639,35722,40045,8857.1396,8872.4697,8821.6797,8846.4502
2020-01-14,21929,50801,77012,37277,60052,64650,5697,9850,36492,38604,9068.0195,9080.1602,9020.9199,9033.4199
2020-01-21,26081,46324,77499,44071,60317,62364,4771,10278,35411,41042,9145.6396,9187.4199,9141.7803,9166.6299
2020-01-28,24103,47055,77879,40610,50139,54112,6088,9426,35802,42808,9013.2305,9111.3203,8994.2803,9090.9297
2020-02-04,34460,42286,74245,41805,41865,53258,6128,9143,34826,45032,9256.9404,9352.96,9224.8604,9334.0596
2020-02-11,33813,41890,72888,49763,47331,57433,6257,7867,36020,39356,9567.8096,9600.0498,9493.6299,9517.8604
2020-02-18,28761,46569,70924,41607,54482,61529,7040,7413,37061,41150,9567.2803,9647.7197,9567.2803,9629.7998
2020-02-25,23960,67641,72148,33201,47624,45397,7669,8658,49361,45865,9167.3301,9183.7803,8807.1104,8834.8701
2020-03-03,25980,51877,77560,38893,49190,59888,7429,10968,37230,35763,8892.6797,9000.46,8516.5801,8594.4902
2020-03-10,32054,40114,72923,54699,50039,62556,7947,10287,38302,33609,8213.9697,8376.4404,7942.1299,8372.2695
2020-03-17,36586,45725,59441,65875,62183,46442,8637,10748,61894,59951,7198.5298,7550.1299,6959.1499,7473.9502
2020-03-24,33447,65000,63431,39534,49024,40809,10629,9372,31489,33305,7349,7555.9102,7304.3901,7553.8301
2020-03-31,35916,40543,60210,38825,38738,45848,11696,13768,26996,34572,7855.7402,8011.6001,7765.46,7813.5
2020-04-07,33060,30868,61496,39491,41939,48728,7435,16379,27657,36121,8287.4805,8305.5898,8043.0698,8049.3101
2020-04-14,32055,26596,65814,33990,35034,54070,7470,17440,26422,34699,8489.2695,8708.5498,8470.7402,8692.1602
2020-04-21,32342,28406,62232,37220,36890,54841,9125,15661,26813,31274,8639.7402,8663.0898,8359.8398,8403
2020-04-28,33842,35009,63428,37129,34107,51789,9839,14427,27927,30789,8913.2803,8918.3799,8668.6699,8677.5996
2020-05-05,34688,47540,64453,31762,34810,48055,9854,13872,28958,31534,8922.3896,9031,8900.5703,8930.6201
2020-05-12,36072,51464,69920,28919,36804,56060,9042,15883,31134,30646,9326.0596,9354.4502,9109.0898,9112.4502
2020-05-19,40272,40640,63880,30927,39266,65905,8216,16301,31204,29065,9326.2803,9422.9004,9296.25,9298.54
2020-05-26,39703,42314,72655,31262,40874,73602,8528,16257,33594,31919,9570.5303,9570.5303,9379.9004,9389.9805
2020-06-02,42270,43458,73607,32781,41064,70259,8504,15933,29735,32749,9603.1797,9660.0801,9511.8799,9657.3096
2020-06-09,49463,37182,72443,32855,37615,76797,6775,12941,30616,37137,9861.1797,10006.9004,9859,9967.1699
2020-06-16,37436,45690,78374,24347,35954,75909,7605,15452,32695,30666,9983.6504,10010.8896,9801.4502,9949.3701
2020-06-23,13762,49004,79756,24875,41059,55853,7930,12595,30130,30310,10192.4199,10306.9004,10172.0703,10209.8203
2020-06-30,14381,55058,82938,24355,46851,58670,7374,12662,31153,31952,9970.21,10185.3496,9956.8301,10156.8496
2020-07-07,22681,57186,82135,21790,55721,75973,8314,12212,32608,34298,10595.9404,10704.9297,10516.6299,10524.0098
2020-07-14,34911,47287,68793,28190,65539,88883,10375,12310,33358,36306,10502.8496,10701.8799,10370.79,10689.5195
2020-07-21,49651,43445,65920,28945,52543,91702,7065,13133,34734,32688,11015.54,11017.4297,10800.8701,10833.0703
2020-07-28,47419,44012,66979,28371,52329,92785,7654,14362,37396,32247,10644.3398,10662.1904,10527.4297,10532.5
2020-08-04,50202,38963,67607,29412,55360,96723,9248,21006,37793,34106,11048.5,11097.8496,11002.5498,11096.54
2020-08-11,59328,40945,65736,32071,48712,98928,10051,15811,38323,34395,11039.6797,11090.9199,10855.0596,10876.0801
2020-08-18,42824,45096,85562,27117,40061,98485,10885,14816,41206,35024,11339.7598,11421.0996,11279.0801,11399.0303
2020-08-25,41479,43170,83345,28924,43198,100936,12004,13915,43960,37041,11610.5801,11723.9502,11580.8896,11721.8096
2020-09-01,44103,43638,82174,32209,50115,102256,11473,16454,44978,38286,12203.3604,12300.4404,12132.7803,12292.8604
2020-09-08,45203,40742,69136,36955,54746,78121,12166,47938,57981,35476,11143.9102,11400.46,11055.1602,11068.2598
2020-09-15,79019,23801,73777,32472,64098,71579,10008,124039,60638,35649,11432.9404,11495.4004,11367.2002,11438.8701
2020-09-22,124962,9942,74906,32999,64101,45919,10220,200248,49007,34088,11082.0898,11207.0801,10943.2598,11186.3701
2020-09-29,81205,15633,70680,34360,53195,56842,12225,125741,48557,33286,11354.7002,11396.2197,11305.79,11322.9502
2020-10-06,92137,19013,67902,36229,46904,54587,12236,124238,48199,33311,11476.6797,11536.4199,11256.2598,11291.2695
2020-10-13,41440,50961,67015,37152,45772,71387,11559,21123,49058,34221,12131.0703,12187.7803,12032.75,12083.1699
2020-10-20,50495,45149,55115,37541,44716,73052,11904,21414,46851,31925,11679.0801,11801.4004,11613.7598,11677.8398
2020-10-27,59810,44747,54224,35507,48087,80881,11057,21863,44148,34328,11560.8604,11633.4902,11503.0996,11598.9502
2020-11-03,52949,39151,51595,34802,51007,84637,12431,19441,43979,33930,11155.8496,11356.0801,11115.5498,11279.9102
2020-11-10,57015,40712,54872,39444,59611,79611,11442,35645,44124,31652,11704.46,11761.9502,11512.46,11624.29
2020-11-17,63201,39056,60621,34727,52350,84014,8994,35418,40112,32063,12030.2695,12047.1299,11964.2002,11977.4902
2020-11-24,70766,37725,63376,33726,47005,93286,9004,35817,44779,34376,11952.7002,12094.1602,11878.3096,12079.8096
2020-12-01,69501,39259,66517,33075,45701,93536,8715,33617,43811,34758,12387.6201,12510.0195,12338.3604,12455.3301
2020-12-08,59802,46008,70670,29554,45533,104704,9045,13817,44369,35336,12574.8398,12651.3496,12504.9697,12635.7197
2020-12-15,58768,39431,67886,31866,42220,107724,13006,13850,53326,42335,12565.2803,12596.8398,12467.5703,12595.9199
2020-12-21,40391,49496,76432,24490,41623,85836,13783,12262,32487,32632,12575.5996,12706.4404,12474.0303,12690.2598
2020-12-29,42414,43225,79630,21236,41964,98604,9388,13304,35383,32410,12909.8604,12925.5303,12816.5898,12843.4902
2021-01-05,43197,39997,79503,21924,45851,102932,8608,14586,34731,32451,12663.1299,12809.6699,12663.1299,12802.3799
2021-01-12,53308,31491,77760,24308,46853,117449,9258,13557,34736,35110,12916.0996,12957.4297,12783.71,12892.0898
2021-01-19,51534,35461,79996,22686,50825,113677,8805,14428,33370,38278,12921.6104,13012.0898,12861.2998,12996.54
2021-01-26,45994,39134,77792,21848,52949,107694,9807,13152,34990,39704,13507.4697,13536.2998,13440.3203,13490.1904
2021-02-02,44780,42666,81903,26752,48966,103787,9469,14442,39491,36962,13371.3701,13501.2305,13363.7598,13456.1201
2021-02-09,46910,44902,80589,25848,48331,102355,9217,13169,38319,37092,13667.1396,13741.79,13664.7002,13687.0801
2021-02-16,51430,41539,72793,26006,49983,102293,9353,13832,37670,37559,13841.0303,13879.7695,13726.7803,13773.7695
2021-02-23,69657,34252,57138,34541,51726,103574,8841,17484,38216,35727,12982.3604,13259.8496,12758.1201,13194.71
2021-03-02,86577,26127,49907,41642,48155,97593,8022,20996,35334,41637,13297.7598,13301.6201,13052.1201,13059.9502
2021-03-09,86221,24463,50384,54451,57779,90891,7470,20368,35185,46866,12635.4502,12868.5195,12592.8301,12794.4902
2021-03-16,74758,21724,53611,50700,49093,87970,9797,19419,36281,43727,13156.6504,13297.4805,13091.7803,13152.2803
2021-03-23,67838,23243,57748,46919,46733,84779,7892,18611,31917,38576,13127.1699,13180.6602,12993.5,13017.79
2021-03-30,71601,22754,55218,45524,45922,84645,7573,19940,32175,39626,12904.0098,12929.46,12798.0303,12896.5303
2021-04-06,48222,25810,61618,42177,52895,81002,7573,17985,35071,38405,13567.2002,13660.29,13551.5996,13578.46
2021-04-13,47714,31671,58575,39171,55631,76007,7970,18780,35513,39774,13874.5801,14002.5303,13874.5801,13986.4902
2021-04-20,47764,44018,53222,34451,61494,71773,7513,18244,37377,38884,13891.96,13934.8896,13730.5898,13809.2998
2021-04-27,60435,41638,51077,33544,53393,73358,7372,17350,35574,41961,14048.1299,14048.3398,13931.1797,13960.2803
2021-05-04,69189,36843,50764,37600,60277,89168,7653,16687,38816,46401,13680.6299,13705.3799,13396.1104,13544.6699
2021-05-11,70088,31612,50144,38936,50991,79685,8575,19143,36658,47080,13102.6396,13381.6602,13094.7598,13351.2695
2021-05-18,67060,30664,46795,48892,55393,74812,9359,17501,37611,44349,13352.2598,13400.5195,13212.8496,13217.6797
2021-05-25,73101,30379,49158,49321,53862,79533,8926,16791,37390,46413,13701.2998,13734.4102,13614.54,13657.7305
2021-06-01,74907,32215,49133,51183,57404,79277,8149,17903,37164,46179,13764.2695,13773.4502,13602.1201,13654.5898
2021-06-08,73795,31613,55367,50964,52023,80936,8011,16397,37619,46905,13873.46,13913.4004,13746.4199,13810.8604
2021-06-15,71602,34728,58831,54377,66679,86892,6822,16203,38994,50728,14120.8096,14126.2598,14008.9297,14030.4102
2021-06-22,52124,32900,55144,50879,62490,70153,8700,15395,34576,43707,14140.2998,14288.4902,14128.0098,14270.4199
2021-06-29,57434,35749,56771,45341,56697,72641,9114,13659,34023,46649,14523.6299,14575.1904,14481.8496,14572.75
2021-07-06,64925,37402,61516,44342,49407,72149,9037,15261,32891,48622,14755.1504,14797.4502,14635.3096,14786.3604
2021-07-13,70099,37883,63194,43877,48594,77571,9538,14417,31534,49211,14871.04,15002.2803,14843.7998,14874.54
2021-07-20,55800,42385,62028,49096,61207,77431,11130,13266,35733,43720,14601.3398,14790.5996,14530.7803,14728.21
2021-07-27,63603,40249,62298,46279,53698,81676,9953,12706,34607,43249,15103.0098,15107.7402,14787.7998,14956.9697
2021-08-03,64660,38642,63955,41591,38446,75229,10968,11929,33292,43930,14997.2002,15063.6602,14864.5303,15061.4199
2021-08-10,82364,35687,62488,49027,30037,77931,11049,10856,34086,46523,15157.3701,15169.4502,15010.1602,15053.5801
2021-08-17,85234,35513,65104,47574,29395,80419,8586,12292,34286,46807,15018.9404,15062.7002,14906.2197,15002.8301
2021-08-24,69889,41105,65066,43356,38426,71282,10065,11713,34185,50175,15338.9199,15384.4199,15319.5498,15357.6797
2021-08-31,69434,41290,64860,44172,41144,73419,8975,12863,36684,49353,15601.3398,15604.4502,15522.7803,15582.5098
2021-09-07,65092,43138,63395,43051,45146,74565,8830,12877,41005,49837,15662.2998,15701.4004,15610.2305,15675.7598
2021-09-14,59833,50404,71450,42837,48653,77642,10427,12465,40450,47465,15505.7803,15525.9697,15352.0596,15382.9004
2021-09-21,52309,61941,74690,44851,41480,55741,9344,15028,37136,37398,15096.9697,15139.9004,14986.9805,15027.7695
2021-09-28,64075,52060,69453,44818,36382,62174,9222,17014,41162,44228,15001.9805,15040.5703,14758.9805,14770.2998
2021-10-05,65638,50749,64135,48994,35557,57509,10005,15285,39085,41883,14533.4297,14763.6396,14520.2305,14674.1504
2021-10-12,66051,59154,64642,51068,41517,55648,9452,13734,38670,40728,14772.29,14784.7803,14636.3301,14662.1104
2021-10-19,68092,66853,67435,42274,47404,57630,8561,17364,36648,44019,15349.4502,15414.9697,15320.6201,15410.7197
2021-10-26,64937,78396,66439,39731,58026,63888,9295,13524,38307,41465,15615.3604,15710.79,15518.5898,15559.4902
2021-11-02,71280,85433,71353,39405,60882,63786,8779,14690,36010,44990,15885.3398,15988.3301,15877.2695,15972.4902
2021-11-09,70435,91500,78737,36992,61363,70161,7916,13641,37267,43424,16389.9902,16401.8906,16168.6299,16219.9404
2021-11-16,74300,89951,77003,36285,56569,75565,9524,11686,38313,42222,16170.29,16329.5,16156.6904,16309.7695
2021-11-23,67252,87062,75604,38980,53188,60562,10388,14586,40183,45425,16330.1797,16417.5,16121.7002,16306.7197
2021-11-30,67945,86472,81474,42263,51046,58319,10196,15125,36787,45269,16333.9502,16454.5605,16073.7598,16135.9199
2021-12-07,63899,87713,73962,40157,50141,54417,11187,16009,40430,41323,16139.5596,16343.6699,16128.4404,16325.6602
2021-12-14,54921,84213,67698,39968,52818,52587,12602,12011,44448,43708,15877.6504,15995.21,15742.7998,15914.9004
2021-12-21,45341,66064,71272,43901,36515,43320,11708,13462,37621,35710,15794.3799,15997.6104,15617.4805,15986.2803
2021-12-28,52497,69779,74926,37671,32778,48881,9489,14290,35448,34517,16602.9199,16607.1895,16458.4902,16488.6602
2022-01-04,44292,76702,74755,33669,35097,45095,9133,12978,39737,34570,16513.8691,16513.8691,16151.9004,16279.7305
2022-01-11,40419,57348,72744,47083,45935,48243,10060,18218,41033,39299,15582.7197,15848.5596,15496.9102,15844.1201
2022-01-18,41049,63221,74249,49458,51366,53453,17250,17259,41202,41725,15378.0596,15446.2998,15182.96,15210.7598
2022-01-25,41923,72075,73024,55176,61464,47679,11762,18192,43342,38393,14237.5996,14410.4297,14033.8096,14149.1201
2022-02-01,69195,44207,66491,60357,43780,52157,11458,23194,36584,47593,14966.5996,15034.4199,14749.4902,15019.6797
2022-02-08,62585,46120,63801,63306,53194,49853,9688,18731,35919,47177,14533.25,14785.2197,14485.7803,14747.0303
2022-02-15,61278,41769,63363,60616,58365,53352,9464,21401,33484,48816,14482.1104,14624.5303,14444.46,14620.8203
2022-02-22,69890,53680,64606,67136,56665,57857,17072,21229,38508,46839,13892.8096,14109.2598,13720.9199,13870.5303
2022-03-01,73655,52456,66676,64091,54527,45619,10956,20099,32438,55987,14197.6602,14271.5801,13906.9199,14005.9902
2022-03-08,66169,59430,60789,62398,61795,46107,13000,21593,34709,46934,13275.2305,13663.2695,13129.4004,13267.6104
2022-03-15,64662,41768,58460,63051,53805,50902,11831,19039,35781,49779,13174.9697,13488.1797,13092.4502,13458.5596
2022-03-22,68455,16043,63260,48994,31043,70492,11111,18859,28314,47795,14396.0303,14688.9697,14385.5498,14654.3301
2022-03-29,73515,14835,70800,45216,31433,86160,9870,16598,28742,51551,15142.9297,15265.4199,15039.6104,15239.3203
2022-04-05,68107,24200,77067,39916,37633,92938,9940,18082,30124,47735,15109.2695,15120.6699,14782.5703,14820.6396
2022-04-12,57311,36861,72050,44129,47142,75179,10789,18021,31463,44565,14175.6602,14264.7402,13882.75,13940.2402
2022-04-19,57263,43068,76385,44405,47473,72012,12329,21645,31779,44099,13882.75,14236.5098,13844.7402,14210.2598
2022-04-26,52832,46126,71860,48896,48537,59896,11695,23894,37114,43226,13447.6602,13447.6602,13009.6504,13009.71
2022-05-03,46593,47988,72031,48121,49744,54819,12791,20506,32176,41901,13045.3496,13178.7402,12982.7002,13089.9004
2022-05-10,51380,54824,71521,59957,61804,52194,12655,25015,36309,41679,12496.8398,12537.8896,12173.4697,12345.8604
2022-05-17,51112,50680,74683,62687,55014,52989,13126,21644,36023,41958,12496.6299,12572.9902,12333.9902,12564.0996
2022-05-24,62575,49490,77931,64550,51886,66349,12369,21745,38004,40631,11807.7803,11842.8096,11576.1104,11769.8398
2022-05-31,72535,46224,84781,62577,48239,80106,12410,19572,33375,42861,12688.9502,12762.8398,12482.3203,12642.0996
2022-06-07,76091,42760,79046,57498,51532,86922,15507,18968,33601,49629,12456.4902,12737.2998,12413.5596,12711.6797
2022-06-14,64636,45105,78178,63043,61567,81001,9229,16989,45177,52649,11385.1797,11418.2197,11205.9199,11311.6904
2022-06-21,38911,34604,79534,63666,52559,66582,13469,16401,38577,41797,11446.9805,11638.4697,11446.9805,11546.7598
2022-06-28,47022,42463,81914,61182,56558,75548,13830,15871,35528,39788,12021.3398,12133.8701,11633.1299,11637.7695
2022-07-05,57022,44721,79179,70241,57344,73263,17143,17487,35380,40356,11419.3398,11781.7402,11366.0703,11779.9004
2022-07-12,57335,31197,84162,67716,53362,82432,12366,16053,32410,42237,11926.8398,11990.4404,11684.0195,11744.9902
2022-07-19,57667,33864,82941,68513,54560,80168,11324,15385,34491,43053,12046.6904,12258.3701,11967.9199,12249.4199
2022-07-26,58975,38807,90294,66935,51502,88292,15481,15882,33962,40298,12248.21,12259.0098,12051.21,12086.9004
2022-08-02,62492,28651,87693,64132,52728,89224,11417,16705,30452,46070,12853.04,13073.2695,12809.0098,12901.5996
2022-08-09,66934,22334,88895,50947,45081,99398,11948,20271,30221,50129,13064.2402,13095.7002,12945.5996,13008.1699
2022-08-16,65488,17126,99862,50223,44206,104853,12429,27415,30163,52531,13617.6602,13720.9102,13508.4697,13635.21
2022-08-23,58272,30877,93916,54408,50101,90339,13256,20867,31550,50604,12885.2803,13000.71,12852.7002,12881.79
2022-08-30,64812,20750,87252,62262,50675,88760,12176,19186,32035,55992,12562.4004,12572.8799,12240.8203,12342.7002
2022-09-06,77852,18358,80092,72918,61842,96694,14978,22879,35685,59600,12106.5703,12152.4199,11928.8096,12011.3096
2022-09-13,92584,10621,75342,66376,53012,101049,11384,26925,38679,66030,12364.8301,12420.0098,12004.4199,12033.6201
2022-09-20,98360,12483,74235,74355,46345,87205,11435,31265,28531,53598,11855.8398,11951.1299,11761.6904,11851.54
2022-09-27,97992,8477,74137,84831,51285,83312,12609,34978,32818,57243,11411.3398,11502.3799,11175.29,11271.75
2022-10-04,87622,9984,71489,84687,50625,70637,10407,37266,36520,54089,11477.8496,11609.25,11462.3701,11582.54
2022-10-11,78780,12213,78991,82555,57979,77822,11665,36826,34255,52254,10865.3203,10981.9102,10716.3301,10791.3496
2022-10-18,73306,18677,78545,78681,58125,71437,10921,38385,34309,48026,11368.7598,11374.3799,11035.7998,11147.7402
2022-10-25,78882,17450,81202,73721,59536,92800,11075,30376,35422,51770,11482.8701,11681.8496,11480.4102,11669.9902
2022-11-01,81825,17901,78807,69758,59164,91130,9772,36956,33749,47572,11571.5303,11574.3896,11278.2803,11288.9502
2022-11-08,77222,17493,77131,68750,55002,89105,9101,29378,34149,47879,11039.5801,11191.9004,10897.5303,11059.5
2022-11-15,70255,32778,80205,56465,50543,88483,12449,27636,35634,43724,12006.4502,12024.9502,11735.4004,11871.1504
2022-11-22,62439,32731,78435,57571,48654,76002,9667,26404,36834,43321,11590.8301,11731.7598,11503.3398,11724.8398
2022-11-29,67093,32427,76706,60890,47659,78138,10017,20321,35060,44759,11590.2998,11613.3301,11450.3398,11503.4502
2022-12-06,62693,33455,80681,60357,45490,77637,8497,17416,36335,44831,11775.2002,11790.9297,11488.5996,11549.6904
2022-12-13,64069,34945,80650,61006,44423,75194,9237,20815,36975,43394,12141.2402,12166.4102,11724.9004,11834.21
2022-12-20,53807,42983,79662,68658,54712,62794,7292,17807,35754,38985,11023.4697,11143.6201,10967.0703,11072.4199
2022-12-27,57119,39875,77709,68324,55492,70797,9554,16792,34527,38613,10944.2998,10957.4404,10807.6104,10822.5098
2023-01-03,49729,41408,74060,68315,58604,60419,10346,17058,34484,40023,11038.4199,11093.0996,10770.9297,10862.6396
2023-01-10,57402,46310,80035,62578,58130,70408,8213,18707,32962,38739,11069.0498,11207.5596,11050.6797,11205.7803
2023-01-17,67087,45495,85630,57478,62729,80707,9650,31505,32760,42671,11531.54,11615.9502,11484.0195,11557.1904
2023-01-24,68143,43761,88155,52070,58034,87343,9398,28738,32846,44664,11802.9502,11889.3701,11780.0703,11846.6396
2023-01-31,73016,48610,89321,51290,61614,89943,8444,26357,30935,47130,11915.9404,12104.1299,11915.9404,12101.9297
2023-02-07,71879,51959,88290,39391,67375,106342,7274,21893,31398,46631,12474.9502,12771.5898,12419.71,12728.2695
2023-02-14,78647,42734,83332,37354,58982,104828,7365,22897,34904,55417,12413.0996,12627.4004,12356.3203,12590.8896
2023-02-21,75857,40071,75605,42130,58301,93137,7313,21187,34896,55447,12205.21,12257.0596,12058.2305,12060.2998
2023-02-28,76744,36907,73978,49795,58658,89854,8600,23249,33999,52174,12041.75,12146.5195,12021.3203,12042.1201
2023-03-07,70161,31962,71463,47212,59788,87644,9591,20535,32977,56627,12303.1904,12344.04,12130.0098,12152.1699
2023-03-14,61692,31013,73935,53880,65156,71184,10011,26137,44175,72755,12078.46,12217.8701,12035.2197,12199.79
2023-03-21,43438,18463,74903,50562,43411,73840,8391,15540,31697,43435,12643.3496,12762.4502,12582.7598,12741.4404
2023-03-28,46923,18398,74720,50400,41075,81969,11135,15588,33614,41112,12654.9102,12654.9102,12517.8701,12610.5703
2023-04-04,42278,28338,69137,36464,46145,90486,6494,14595,51175,45346,13165.3203,13204.0801,13049.9805,13100.0801
2023-04-11,40601,37534,79593,39338,48720,84931,13275,14596,36868,42658,13040.4902,13049.5596,12947.6602,12964.1504
2023-04-18,41477,37587,81209,42596,54568,86193,14897,16685,35128,44218,13180.3096,13196.1797,13044.21,13091.79
2023-04-25,40422,41907,79224,38074,51598,87590,21446,16520,35188,43787,12905.0898,12933.2803,12724.2402,12725.1104
2023-05-02,36256,41188,81803,38832,49879,84684,27209,17654,33832,46621,13225.4805,13241.5303,13046.79,13113.6602
2023-05-09,34579,44637,82681,38373,56710,87392,23503,16606,36178,46643,13228.6396,13254.8096,13193.8799,13201.1104
2023-05-16,41301,51628,88753,37925,63768,95174,18936,15225,37405,50211,13385.3701,13498.4404,13384.7695,13426.0098
2023-05-23,43591,55598,90766,32184,64099,101252,13219,13801,38954,47794,13773.6797,13827.0996,13662.9102,13672.54
2023-05-30,44623,60479,93268,28824,70871,115887,24614,14790,37626,51022,14465.5898,14520.1699,14301.0801,14354.9902
2023-06-06,43256,68172,95183,23056,74167,117233,22912,15738,39578,50897,14526.0996,14593.5,14476.9902,14558.0898
2023-06-13,48578,58364,92267,21853,59597,103639,25143,27301,39897,54325,14911.2598,14931.8301,14770.1396,14900.8496
2023-06-20,36909,73518,92743,25816,53997,71384,13110,18920,39361,46482,15036.4805,15127.4199,14946.7197,15070.1504
2023-06-27,40690,72091,90214,25455,51929,77563,16340,18193,40479,46350,14751.5703,14972.3096,14726.75,14945.9102
2023-07-03,36635,64746,90950,28692,46809,80314,14584,13651,40005,41580,15190.54,15232.96,15153.5996,15208.6904
2023-07-11,39593,67485,91820,28126,48690,85525,18695,14727,40206,43141,15068.1299,15135.29,14974.1602,15119.0596
2023-07-18,37720,75395,96025,24979,52174,84284,16525,12194,39322,44914,15671.7197,15895.6797,15607.71,15841.3496
2023-07-25,44825,72457,94651,30938,44967,85132,12496,11455,42387,39344,15483.0596,15622.6904,15482.04,15561.4199
2023-08-01,47734,61088,95570,30815,44192,98062,13717,10786,39279,39741,15696.9805,15748.4297,15636.5703,15718.0098
2023-08-08,52707,62485,93470,27381,44518,101156,14233,11158,39533,42281,15279.4102,15295.7998,15148.25,15273.0498
2023-08-15,51602,67705,91336,28898,45788,81138,12813,23345,40682,41135,15172.0801,15192.8799,15014.3604,15037.6504
2023-08-22,50150,61876,84561,29117,46240,74750,11947,27759,41655,41051,15035.0703,15037.79,14883.9805,14908.96
2023-08-29,52030,62612,87566,24112,50504,77544,7875,28453,39320,44574,15043.0195,15391.5596,15034.54,15376.5498
2023-09-05,57498,62120,86327,25255,55291,82511,7606,28982,38035,45889,15460.5195,15556.8496,15419.96,15508.2402
2023-09-12,52876,57386,81069,30492,48275,77439,7818,25173,44891,44439,15390.5898,15447.8496,15278.8799,15289.7402
2023-09-19,41750,73138,87818,19513,45970,65430,11346,27697,36781,37887,15152.5303,15219.9199,15069.4102,15191.2305
2023-09-26,44788,67322,84538,26015,41194,69386,17791,25734,39946,39800,14668.4502,14678.4805,14505.6797,14545.8301
2023-10-03,46979,70851,81295,32429,45271,65202,29207,31189,38421,41502,14744.0498,14819.8701,14504.1396,14565.6201
2023-10-10,47724,76413,83103,26766,42670,60851,29277,37864,38296,39176,15074.04,15241.9404,15050.54,15131.5195
2023-10-17,44440,80733,84676,23093,45427,59306,30584,39687,36410,38718,15009.2598,15187.0596,14932.7695,15122.0098
2023-10-24,51220,75249,85950,24944,47805,61689,15804,40566,37947,36278,14678.4102,14774.1602,14610.3301,14745.8604
2023-10-31,59692,72594,80190,34507,50596,59168,16417,40481,37843,37988,14340.8604,14420.4404,14232.4004,14409.7803
2023-11-07,49941,86287,88298,23030,61816,51674,16852,48558,35524,42882,15201.7695,15335.4404,15153.3096,15296.0195
2023-11-14,47225,100185,100730,16433,46141,51049,23158,51304,39612,37895,15744.3604,15850.3398,15726.1201,15812.4697
2023-11-21,49906,110335,109690,16983,43581,52647,21198,50651,41796,35555,15951.5498,15968.0898,15866.8203,15933.6201
2023-11-28,53035,119748,111274,15948,46913,49046,21150,51254,42502,38878,15940.29,16031.5195,15921.0703,16010.4297
2023-12-05,54064,108214,107327,17805,46370,72326,8818,23412,41346,36168,15763.6504,15931.8398,15760.5898,15877.71
2023-12-12,59632,97900,99764,18643,54937,95751,13816,18568,44538,41825,16209.6104,16354.25,16175.46,16354.25
2023-12-19,58391,105213,109265,20143,44763,89538,11777,12886,39029,35445,16734.25,16813.0098,16733.3809,16811.8496
2023-12-26,57515,107159,110160,19524,48289,92731,8978,11145,40310,34693,16816.7793,16907.5098,16813.5703,16878.4609
2024-01-02,48210,106212,115669,26698,46998,81924,7015,11330,40241,31969,16667.3008,16686.5996,16453.1504,16543.9395
2024-01-09,48814,102635,114263,26154,51636,87809,10416,14356,42040,36215,16531.9609,16710.8809,16513.7305,16678.6992
2024-01-16,47900,98079,112243,26608,55243,89270,8920,12511,38187,36025,16775.0996,16895.3301,16726.5898,16830.7109
2024-01-23,53483,115185,117894,23690,57307,93684,9267,10503,40001,34890,17346.9492,17410.8594,17286.0195,17404.2109
2024-01-30,51367,127131,122529,25136,60992,87647,6415,10031,41844,33202,17556.4902,17578.4609,17443.7695,17476.7109
2024-02-06,47235,118545,120557,24425,56079,89201,10867,8118,39191,33640,17664.4395,17680.6191,17475.4297,17572.7305
2024-02-13,47737,121608,121232,21449,61123,98093,10385,4464,40984,35847,17519.8008,17717.6699,17478.2305,17600.4199
2024-02-20,45838,112052,117737,22345,58626,93252,7116,8539,42460,35589,17591.1699,17657.0801,17399.4102,17546.0996
2024-02-27,45535,103597,115900,22499,58410,106124,10166,5247,39468,32012,17962.5801,17987.5391,17871.0605,17971.0508
2024-03-05,54594,92397,107847,25540,53263,109546,8508,6245,41559,32043,18088.7109,18097.5,17804.5,17897.8691
2024-03-12,52001,83338,107944,24812,57635,122592,11071,5158,44899,37650,18063.0195,18228.3691,17919.3301,18219.1094
2024-03-19,28419,73811,108027,20817,54889,91538,6727,18262,39354,32988,17902.5195,18039.8203,17809.1504,18032.1992
2024-03-26,37121,78108,106794,23599,53764,100006,6428,10597,39925,31722,18329.2891,18378.6992,18207.8809,18210.5391
2024-04-02,37901,78717,105990,23451,53391,96408,8918,14389,41324,34559,18076.4297,18135.5703,18002.2695,18121.7793
2024-04-09,36149,83634,108088,17696,50437,92245,8210,16269,42695,35735,18188.8691,18210.0195,17973.0703,18169.9004
2024-04-16,30830,72552,107558,18746,47751,96158,10472,18520,42958,33593,17691.4492,17817.7305,17660.8906,17713.6602
2024-04-23,30069,76086,104111,20794,48332,92589,8287,13683,43786,31433,17297.2402,17513.3105,17277.25,17471.4707
2024-04-30,33078,66569,96683,22507,45119,96418,11311,12482,44588,32803,17720.3496,17768.8691,17440.6895,17440.6895
2024-05-07,28724,62116,99007,18613,42643,90577,6507,11803,40762,34534,18106.3301,18156.3203,18061.6094,18091.4492
2024-05-14,37760,65066,100120,18097,43840,98807,7585,15233,41056,33158,18187.5098,18339.5801,18175.3008,18322.7695
2024-05-21,32176,71254,104579,18897,42742,82648,7525,26392,44385,32216,18603.9902,18721.1797,18589.9102,18713.8008
2024-05-28,32319,78439,110778,19326,40340,85768,8405,18718,43934,33525,18855.1504,18875.1992,18755.9395,18869.4395
2024-06-04,31466,74080,107555,22693,35214,72013,9151,25630,43392,32362,18598,18697.9492,18521.8496,18654.8398
2024-06-11,45292,74380,104253,22448,36718,83929,7762,21612,42031,33687,19031.4004,19212.6309,18966.5605,19210.1797
2024-06-18,36489,66045,100894,24825,42251,99864,16670,13567,44152,36155,19904.4297,19940.5,19837.8594,19908.8594
2024-06-25,27331,82955,108644,20811,41822,82230,8411,11077,41034,30169,19555.8398,19712.4199,19523.5098,19701.1309
2024-07-02,27820,89869,108041,23073,45611,89413,15717,5240,43041,32635,19746.2207,20014.9199,19741.8105,20011.8906
2024-07-09,32556,93063,112226,25600,41381,89388,17064,5678,42436,31934,20504.1699,20543.9004,20395.5703,20453.0195
2024-07-16,24315,91716,112747,24887,39874,82573,17242,7820,42513,29695,20441.5293,20477,20266.5098,20398.6191
2024-07-23,19134,88487,103709,28175,39105,71478,18769,10370,46155,28362,19783.3301,19904.5996,19736.2207,19754.3398
2024-07-30,18515,98543,102423,30397,38411,69285,25122,10072,52146,28320,19129.5605,19165.4199,18667.2207,18796.2695
2024-08-06,16885,105996,96589,26567,35061,69129,38757,4490,43363,24473,17961.4492,18368.6797,17858.8203,18077.9199
2024-08-13,20157,95689,95500,24906,27952,73278,42246,4719,40833,28096,18724.8398,19013.0098,18723.7402,19006.4297
2024-08-20,28322,85499,95604,24908,27735,83485,35902,4495,38994,28170,19736.3496,19835.3809,19652.1797,19719.8203
2024-08-27,27784,97072,95771,22930,27872,75488,32337,3034,41117,26357,19450.5703,19617.9199,19369.5293,19581.5195
2024-09-03,31002,102851,88481,22064,26818,74640,41875,3451,44849,30019,19438.1094,19438.1094,18869.8008,18958.7402
2024-09-10,29593,104530,82071,24075,34157,69636,45650,5446,40496,28280,18722.1504,18845.7402,18570.6699,18829.1406
2024-09-17,32186,97288,76900,22998,24118,78630,57006,4989,42112,28417,19539.75,19596.3398,19337.1191,19432.4004
2024-09-24,33555,92593,85670,21153,26508,72809,32294,4856,39603,26219,19917.5605,19984.4707,19739.6699,19944.8398
2024-10-01,35488,90052,91944,23223,23798,74932,30067,4017,38757,27830,20046.0605,20056.1992,19622.2891,19773.3008
2024-10-08,35526,90729,94275,22536,31188,85147,29506,3542,39326,27867,19902.2109,20132.6699,19881.0801,20107.7793
2024-10-15,41325,85557,93147,24423,28919,83858,24098,4656,39446,28441,20442.7695,20484.3105,20083.5605,20159.8301
2024-10-22,50257,92966,93220,23909,30615,78317,16533,5895,38704,28242,20256.9707,20437.9297,20218.8496,20390.4609
2024-10-29,46607,100554,93298,24107,41465,83795,21360,5390,39683,28567,20369.0801,20600.0996,20294.5801,20550.6504
2024-11-05,45026,105948,93437,25939,36844,75555,23130,2561,38511,26945,20042.9297,20249.2109,20042.9297,20227.4609
2024-11-12,48248,113620,101654,24693,39192,87654,28898,6008,40901,26918,21105.4902,21144.6699,20946.7402,21070.7891
2024-11-19,50126,125350,100560,23470,36369,75604,29151,4141,39446,27087,20435.6797,20696.4707,20423.3008,20684.5898
2024-11-26,55087,124515,100730,24546,37393,82327,30009,2787,37657,26701,20871.5508,20944.9004,20832.4004,20922.9004
2024-12-03,56364,128481,103761,24551,45128,95752,36403,4146,39675,28401,21106.5098,21235.7891,21081.8105,21229.3203
2024-12-10,48294,129171,102609,23160,45619,92847,37569,3204,42649,28358,21492.5098,21567.0195,21313.2695,21368.1797
2024-12-17,44910,119247,97744,26080,46081,100499,49295,3296,42919,31827,22003.6406,22062,21921.2109,22001.0801
2024-12-24,29442,99153,93657,28200,35424,79764,37509,3148,40753,26520,21564.3691,21797.6504,21558.9707,21797.6504
2024-12-31,29736,114262,97191,28566,40614,72668,31549,3427,42767,22934,21256.0195,21276.1406,20979.5195,21012.1699
2025-01-07,31364,94000,95537,30317,37329,76409,24438,2914,40657,25685,21619.8906,21621.25,21101.0898,21173.0391
2025-01-14,31410,94423,98754,33234,44226,81635,25056,3670,40041,26525,20896.3594,20969.5195,20622.7207,20757.4102
2025-01-21,32931,96574,96783,35773,40151,80303,27973,3353,43768,25603,21557.8203,21620.2305,21379.0605,21566.5098
2025-01-28,32193,85233,100698,41626,44031,93956,36423,4597,41209,29142,21186.0801,21500.7305,21043.1309,21463.0391
2025-02-04,34956,83161,100914,41668,42084,90836,30079,4201,39452,27619,21319.5801,21582.4004,21308.2402,21566.9199
2025-02-11,38275,84534,106956,41743,39736,92040,28672,4746,38295,28871,21629.1094,21776.25,21625.5098,21693.5195
2025-02-18,42759,89229,109185,42730,40127,108348,46917,5612,38847,31916,22176.0098,22191.3691,22029.5801,22164.6094
2025-02-25,35302,110037,103665,45133,56135,84006,31069,3534,45463,28924,21318.7695,21326.8105,20930.5801,21087.25
2025-03-04,30430,113543,98027,49497,66893,78548,33812,6030,44972,26516,20281.8809,20688.4609,20034.6797,20352.5293
2025-03-11,31452,123584,89490,51022,79012,74346,31912,6907,50223,26230,19405.5195,19659.4297,19180.5605,19376.9609
2025-03-18,33981,99974,83175,49232,67212,66155,18919,6389,48736,30273,19657.0996,19676.0508,19397.0801,19483.3594
2025-03-25,42142,63762,89845,50112,30225,66115,9331,6748,42020,26826,20196.5,20292.1895,20164.0703,20287.8301
2025-04-01,40641,77881,92734,45284,48832,79374,13848,6850,41232,27898,19192.7695,19468.6191,19095.1699,19436.4199
2025-04-08,37898,84731,86968,49741,67920,62300,13057,15238,35189,29022,18034.4609,18207.0098,16850.1797,17090.4004
2025-04-15,43320,75399,87831,48006,50242,63635,12623,6015,30750,31711,18831.9805,19004.1699,18754.8691,18830.2305
2025-04-22,44889,80519,84823,51147,55399,55727,10848,8131,33405,33840,18033.9004,18396.3906,17993.2402,18276.4102
2025-04-29,53516,66022,83296,43576,51301,77657,11940,5227,32433,40004,19315.9492,19582.7695,19304.8301,19544.9492
2025-05-06,56739,58754,81590,40481,58695,95365,14462,6793,31046,41139,19709.6406,19927.2305,19659.3203,19791.3496
2025-05-13,73693,59349,84784,41464,63527,117514,13042,7325,34258,43652,20906.9199,21259.3906,20891.1797,21197.6992
2025-05-20,73255,60448,87928,38586,59596,112289,8614,7263,33720,44527,21347.6309,21399.9902,21226.6602,21367.3691
2025-05-27,62286,63328,90050,38667,59208,106976,11701,7417,36839,43696,21201.4492,21429.3203,21145.1309,21414.9902
2025-06-03,60145,68881,93035,38773,55854,106034,17501,7631,37275,42491,21529.9805,21715.9609,21474.5098,21662.5801
2025-06-10,63054,76121,92286,38602,57702,98617,13901,7938,37454,43119,21819.7891,21961.4199,21727.3398,21941.9199
2025-06-17,57205,72664,94954,39512,55516,100288,19932,6751,37084,45476,21858.8906,21896.4199,21680.1797,21719.0801
2025-06-24,46925,84219,89165,39187,48555,80565,19380,5589,36687,31152,22053.3301,22220.6406,22045.6309,22190.5195
2025-07-01,47980,108725,90477,35431,58273,73957,14295,4113,40189,28988,22594.4805,22631.2598,22388.0898,22478.1309
2025-07-08,47206,117968,93003,31617,58579,69668,16281,6231,40146,29731,22735.2598,22761.8008,22652.4395,22702.25
2025-07-15,48891,119581,98504,30303,54088,74562,21912,5266,38024,31707,23036.8594,23051.8691,22876.4707,22884.5898
2025-07-22,49992,116122,96346,30929,49469,73398,23269,5031,38964,32560,23182.0195,23186.3594,22953.8496,23063.5801
2025-07-29,54789,120073,103535,30272,61680,83165,12179,4452,37296,31517,23477.8398,23510.9199,23283.4004,23308.3008
2025-08-05,45337,126578,107468,30906,58687,73312,13049,4676,41099,30168,23235.3105,23286.0508,23008.1406,23018.5605
2025-08-12,52665,132212,116980,34716,70831,87121,11508,4474,40036,33497,23651.6094,23849.5,23524.2793,23839.1992
2025-08-19,52458,132352,114540,31552,56969,75708,9259,4237,42175,31552,23689.0195,23695.6406,23346.3398,23384.7695
2025-08-26,49753,132377,111116,30939,61174,78075,10318,3609,42228,29589,23420.8496,23532.5098,23369.0391,23525.2891
2025-09-02,50329,119227,108407,32785,64181,82811,8779,4446,39447,31874,23020.4707,23242.2793,22977.8809,23231.1094
2025-09-09,50200,118863,114177,34186,70821,95846,10785,4781,39575,31882,23824.3301,23852.4199,23698,23839.8008
2025-09-16,55367,122744,114781,32908,75090,99094,10501,7466,41530,35057,24342.75,24343.3496,24244.2109,24274.25
2025-09-23,47760,108021,111251,33195,50088,76172,11096,6795,37195,33207,24752.7402,24764.3008,24536.5,24580.1699
2025-09-30,43505,133340,111777,32065,61911,63535,10593,5444,38463,31865,24597.4004,24691.2305,24505.1406,24679.9902
2025-10-07,46502,134353,117009,32809,59939,67153,10577,5536,39497,33673,25031.7793,25062.9609,24783.9492,24840.2305
2025-10-14,41842,130857,113663,30226,53450,58547,10439,7337,39745,32172,24442.9297,24766.3691,24256.2793,24579.3203
2025-10-21,45535,141735,115878,33745,61437,59393,10625,5588,39740,32754,25139.8008,25178.2305,25043.0605,25127.1309
2025-10-28,50265,144804,114585,38316,68182,57008,9664,8010,39425,33983,25932.6406,26087.4805,25864.4902,26012.1504
2025-11-04,45743,148276,111689,31712,62702,53572,9263,6190,41787,31434,25580.3398,25762.2305,25415.6191,25435.6992
2025-11-10,46162,151993,108326,34472,74313,56694,10236,7931,41787,29734,25418.1699,25655.5098,25354.4395,25611.7402
2025-11-18,45443,151289,109657,32135,73714,63331,10805,6718,43649,29795,24651.7793,24735.1191,24299.2891,24503.0996
2025-11-25,44649,145117,110973,33817,76011,66340,11006,6726,41298,31937,24790.0703,25069.5391,24542.7109,25018.3594
2025-12-02,54145,145134,109798,32878,78215,81255,9925,6614,43448,29650,25449.8691,25622.5801,25369.3594,25555.8594
2025-12-09,66064,143258,111562,31345,76097,97403,10316,6461,44564,30136,25593.6699,25698.2598,25532.3398,25668.6895
2025-12-16,43628,135455,112028,31546,83876,90850,8814,7339,46955,30111,24991.4902,25188.7598,24922.9395,25132.9395
2025-12-23,36258,120095,107257,30935,60357,75499,11005,6252,43498,25594,25441.4199,25590.0293,25403.2598,25587.8301
2025-12-30,43983,122714,112043,30842,59039,84713,10568,5769,42729,24324,25509.8809,25577.5801,25456.9297,25462.5605
2026-01-06,37189,125127,112406,31245,60236,78687,11558,5389,43851,24792,25462.0605,25655.1191,25428.0801,25639.7109
2026-01-13,45989,130169,112990,28648,58656,81404,12406,5384,39971,24407,25779.2793,25873.1797,25642.1094,25741.9492
2026-01-20,39811,111471,109603,29621,54022,81034,11712,6275,41532,28279,25155.0293,25279.7793,24954.1797,24987.5703
2026-01-27,38264,119675,109031,29674,54689,71527,10664,5177,39329,25924,25852.0391,25982.5898,25791.75,25939.7402
2026-02-03,38306,116803,107944,35620,58197,69577,10622,6092,40357,27334,25811.0508,25840.0391,25112.4609,25338.6191
2026-02-10,41453,117273,106340,34193,56269,64870,8402,5952,38796,28972,25314.2305,25363.1191,25113.4297,25127.6406
2026-02-17,39131,112852,108770,34929,63852,73168,8592,6442,39419,32373,24567.5391,24818.3008,24387.4707,24701.5996
2026-02-24,48059,108357,106213,36919,56133,72687,6589,5482,38078,31627,24763.8398,25022.9199,24643.6895,24977.0391
2026-03-03,51171,96563,102985,35402,55905,77694,6953,6844,36335,36846,24497.3809,24810.25,24315.8398,24720.0801
2026-03-10,46264,86931,100576,36155,53057,78224,5790,4214,33480,33643,25002.6094,25189.1699,24871.4395,24956.4707
2026-03-17,48890,82853,96720,36469,51381,82843,6183,4261,37450,34198,24760.2695,24884.6797,24721.5605,24780.4199
2026-03-24,46512,65954,91326,41056,47003,86382,7402,3045,34325,30131,24042.2305,24170.8301,23927.6895,24002.4492
2026-03-31,47832,75585,96769,39119,47382,84485,10355,4457,34055,32747,23208,23789.5996,23198.6406,23740.1895
2026-04-07,52605,73732,94617,37036,47521,86349,9450,4056,30929,33949,24109.5703,24209.2793,23779.8496,24202.3691
2026-04-14,51423,83979,106090,29785,44471,94138,9448,3810,34416,34136,25514.5508,25842,25514.5508,25842
2026-04-21,46538,102805,114615,30324,43848,82848,9144,2621,37291,32838,26658.8496,26730.6406,26405.3008,26479.4707
2026-04-28,49860,103829,114854,36156,45417,81367,9621,2716,38557,34241,26988.7695,27115.7695,26877.5898,27029.0098
2026-05-05,53418,114018,117433,32301,51944,88044,8858,2522,39197,33965,27895.0508,28065.6309,27844.2305,28015.0605
2026-05-12,57252,101254,118058,27840,47277,99319,6150,4046,38646,34924,29067.3594,29188.0703,28628.6406,29064.8008
2026-05-19,51640,110510,120129,27828,55696,101067,10494,4007,39365,33912,28795.0195,29031.9199,28567.1602,28818.8398
2026-05-26,61230,106252,117374,32311,52861,104540,8805,3814,41004,34357,29854.5801,30044.4902,29753.0898,30001.3203
2026-06-02,73912,104591,116161,37070,57156,110806,8839,4738,39935,38798,30471.6094,30670.1094,30372.9609,30660.5996
2026-06-09,56113,103454,114627,31260,68287,102593,5630,9419,40695,38626,29647.3496,29805.3008,28196.9004,29084.5
2026-06-16,65939,109912,107695,37372,66996,95150,4957,7974,48266,43445,30455.4902,30560.0801,29962.8691,29968.1309
2026-06-23,69190,87997,98769,35861,42052,93114,5145,6809,39310,30685,29369.25,29748.7207,29276.9805,29347.2695
2026-06-30,77804,80900,102755,35445,36796,105413,6991,7940,37921,32569,29792.9297,30328.7891,29767.7598,30276.3496
2026-07-07,65313,95557,111434,32464,49681,104694,5126,8480,41915,32274,29362.1992,29426.4492,28974.4707,29173.0195
2026-07-14,74318,85345,106744,32681,47577,111740,5742,9894,38358,33079,29561.3496,29693.7695,29368.8691,29586.2891
2026-07-21,71268,76968,104664,32039,46344,121034,8565,8265,40668,33203,29059.4395,29192.2891,28891.0703,29155.1797
2026-07-28,54481,82062,106927,30168,61233,119531,10354,11266,42151,32119,27810.3906,27926.5293,27452.9492,27763.1309
2026-08-04,71439,62690,99819,35460,57097,135430,13715,7687,39765,40568,29109.2598,29831.4004,29109.2598,29733.1602
2026-08-11,65405,62508,104250,42585,34549,123674,11649,8913,47112,25285,29694.6992,29705.8008,29427.6094,29525.4805
2026-08-18,62420,97462,105786,37454,45490,107261,15391,9673,48810,26047,29594.8906,29677.2891,29425.0898,29490.9609
2026-08-25,59255,122503,109400,36184,51841,93073,13871,9704,51536,24439,29231.1797,29338.7695,29077.7207,29209.2305
2026-09-01,58239,137013,108397,36520,55361,69453,11386,9927,48072,28542,29056.5801,29267.4199,28953.2598,29077.2207
2026-09-08,58541,125253,111052,35526,47674,79546,12684,9749,46401,26278,29645.1797,29655.7305,29400.6992,29507.6992
