date,nc_long,nc_short,nc_net,cm_long,cm_short,cm_net,nr_long,nr_short,nr_net,close
2016-09-20,326326,70147,256179,120314,410929,-290615,61156,26720,34436,1313.7
2016-09-27,358972,67068,291904,123156,437750,-314594,53108,30418,22690,1325.9
2016-10-04,324136,78628,245508,111864,383106,-271242,54958,29224,25734,1266.3
2016-10-11,283386,88167,195219,112362,333561,-221199,53697,27717,25980,1253
2016-10-18,274345,94727,179618,115441,318112,-202671,51020,27967,23053,1260.8
2016-10-25,285376,88396,196980,114700,332299,-217599,49625,29006,20619,1271.9
2016-11-01,288308,73177,215131,115398,354649,-239251,51847,27727,24120,1286.4
2016-11-08,289860,72622,217238,114915,360501,-245586,51015,22667,28348,1273.4
2016-11-15,245750,68090,177660,115191,315157,-199966,49240,26934,22306,1224
2016-11-22,241646,74561,167085,97975,290147,-192172,52695,27608,25087,1211
2016-11-29,229731,78161,151570,92628,260451,-167823,45567,29314,16253,1187.9
2016-12-06,227675,91295,136380,86237,241181,-154944,45639,27075,18564,1167.6
2016-12-13,229755,100444,129311,86143,236029,-149886,46092,25517,20575,1156.7
2016-12-20,219067,104233,114834,87960,221982,-134022,47292,28104,19188,1131.5
2016-12-27,206538,108195,98343,89975,210942,-120967,49164,26540,22624,1137.3
2017-01-03,208855,112305,96550,97410,215022,-117612,47387,26325,21062,1160.4
2017-01-10,214000,104518,109482,96763,222579,-125816,44077,27743,16334,1184.2
2017-01-17,218144,111103,107041,101399,224510,-123111,43995,27925,16070,1212
2017-01-24,209854,100447,109407,109000,235374,-126374,43722,26755,16967,1210.3
2017-01-31,212414,93259,119155,101784,233587,-131803,39227,26579,12648,1208.6
2017-02-07,216408,99259,117149,106024,240170,-134146,41364,24367,16997,1234.2
2017-02-14,212259,102507,109752,105674,233462,-127788,39763,21727,18036,1223.9
2017-02-21,219673,95910,123763,103861,243425,-139564,40344,24543,15801,1237.5
2017-02-28,247494,83696,163798,100180,280087,-179907,43997,27888,16109,1252.6
2017-03-07,229969,96284,133685,99484,252132,-152648,43791,24828,18963,1215.1
2017-03-14,210315,104277,106038,102535,225822,-123287,44232,26983,17249,1201.9
2017-03-21,219719,103467,116252,101282,230279,-128997,43297,30552,12745,1246.1
2017-03-28,227839,90019,137820,104760,256874,-152114,42014,27720,14294,1255.3
2017-04-04,239061,83625,155436,96115,267131,-171016,43589,28009,15580,1255
2017-04-11,253004,80338,172666,98119,285483,-187364,47518,32820,14698,1271.2
2017-04-18,279311,83543,195768,97769,308833,-211064,46822,31526,15296,1291.7
2017-04-25,287468,86791,200677,100335,314915,-214580,44669,30766,13903,1265.6
2017-05-02,276032,86398,189634,99054,303040,-203986,44782,30430,14352,1255.1
2017-05-09,236115,86109,150006,104960,269382,-164422,45099,30683,14416,1214.3
2017-05-16,221532,94808,126724,113719,256578,-142859,45111,28976,16135,1235
2017-05-23,241752,81985,159767,112114,286405,-174291,45278,30754,14524,1254.8
2017-05-30,250542,83452,167090,103751,286970,-183219,44404,28275,16129,1262.1
2017-06-06,312240,107775,204465,108298,324652,-216354,44028,32139,11889,1294.4
2017-06-13,297178,106904,190274,105193,308804,-203611,40186,26849,13337,1265.8
2017-06-20,252620,101945,150675,110287,275303,-165016,43201,28860,14341,1241
2017-06-27,236586,104914,131672,117497,267360,-149863,47403,29212,18191,1246.4
2017-07-03,221681,127882,93799,131190,238416,-107226,47362,33935,13427,1217.9
2017-07-11,217637,157377,60260,147818,221734,-73916,45455,31799,13656,1213.6
2017-07-18,217232,157094,60138,153064,226699,-73635,44194,30697,13497,1241.1
2017-07-25,220299,129468,90831,148926,252269,-103343,43387,30875,12512,1251.7
2017-08-01,239766,110094,129672,126891,270276,-143385,42055,28342,13713,1272.6
2017-08-08,246377,97540,148837,125168,284679,-159511,40774,30100,10674,1256.4
2017-08-15,277730,89996,187734,122138,318769,-196631,40360,31463,8897,1273.7
2017-08-22,295711,87273,208438,125036,344954,-219918,42070,30590,11480,1285.1
2017-08-29,318883,87836,231047,119030,367059,-248029,46981,29999,16982,1313.1
2017-09-05,336073,90775,245298,125145,386952,-261807,50741,34232,16509,1339.2
2017-09-12,351492,96732,254760,123298,395396,-272098,48644,31306,17338,1328
2017-09-19,330646,94557,236089,129222,382263,-253041,46252,29300,16952,1306.2
2017-09-26,303255,90661,212594,134501,367972,-233471,48586,27709,20877,1297
2017-10-03,287296,83441,203855,126749,351172,-224423,46571,26003,20568,1271.5
2017-10-10,279227,79115,200112,124178,347175,-222997,48086,25201,22885,1290.6
2017-10-17,284617,83893,200724,126678,348302,-221624,47228,26328,20900,1283
2017-10-24,275521,84136,191385,125468,336121,-210653,45115,25847,19268,1275
2017-10-31,268710,75615,193095,128371,339019,-210648,45483,27930,17553,1267
2017-11-07,272571,76781,195790,123149,338436,-215287,46485,26988,19497,1273.7
2017-11-14,271496,76412,195084,122703,338494,-215791,47250,26543,20707,1281.5
2017-11-21,272934,71107,201827,124856,349912,-225056,49727,26498,23229,1281.1
2017-11-28,287384,62967,224417,116831,363372,-246541,47240,25116,22124,1294.7
2017-12-05,251234,77905,173329,132509,322399,-189890,44147,27586,16561,1261.6
2017-12-12,201912,94844,107068,155730,275193,-119463,43569,31174,12395,1238.5
2017-12-19,197473,83678,113795,156226,284443,-128217,43486,29064,14422,1260.7
2017-12-26,202590,66642,135948,155469,304938,-149469,40768,27247,13521,1284.1
2018-01-02,241428,78160,163268,155104,332704,-177600,44151,29819,14332,1313.7
2018-01-09,289161,85873,203288,150099,370370,-220271,46925,29942,16983,1311.7
2018-01-16,301863,90152,211711,158202,390709,-232507,49098,28302,20796,1335.4
2018-01-23,305812,91128,214684,161458,396010,-234552,50628,30760,19868,1335.7
2018-01-30,298327,91065,207262,154690,379766,-225076,48667,30853,17814,1335.4
2018-02-06,273828,82951,190877,158650,364101,-205451,42286,27712,14574,1326.1
2018-02-13,251860,76254,175606,150847,345383,-194536,44796,25866,18930,1328.1
2018-02-20,257205,66283,190922,154913,369791,-214878,48400,24444,23956,1328.8
2018-02-27,251981,73263,178718,161527,361323,-199796,47335,26257,21078,1315.5
2018-03-06,245587,61764,183823,153421,358324,-204903,46281,25201,21080,1333.6
2018-03-13,234431,66483,167948,161604,350414,-188810,48014,27152,20862,1325.9
2018-03-20,223882,75151,148731,173307,340577,-167270,46306,27767,18539,1311.1
2018-03-27,259032,55678,203354,157443,383803,-226360,49819,26813,23006,1341.3
2018-04-03,234677,68088,166589,162608,351473,-188865,43845,21569,22276,1332.8
2018-04-10,234457,79085,155372,166796,342448,-175652,45574,25294,20280,1342
2018-04-17,237288,74219,163069,173535,358797,-185262,46906,24713,22193,1347.2
2018-04-24,225804,89158,136646,175715,337515,-161800,50537,25383,25154,1331.4
2018-05-01,209577,102798,106779,179735,311607,-131872,52288,27195,25093,1303.8
2018-05-08,198548,91108,107440,181586,316570,-134984,53651,26107,27544,1312
2018-05-15,201468,109025,92443,195925,314014,-118089,57246,31600,25646,1288.9
2018-05-22,189677,98720,90957,203101,318676,-115575,54558,29940,24618,1291.7
2018-05-29,193652,78522,115130,171361,308050,-136689,51427,29868,21559,1298.7
2018-06-05,185321,73905,111416,164024,298371,-134347,50584,27653,22931,1297.5
2018-06-12,192752,72512,120240,159416,300003,-140587,48159,27812,20347,1295.1
2018-06-19,202915,106403,96512,161475,275599,-114124,47073,29461,17612,1275.6
2018-06-26,195118,118446,76672,171601,266564,-94963,50420,32129,18291,1256.6
2018-07-03,210483,132156,78327,172917,266067,-93150,51099,36276,14823,1251.6
2018-07-10,214310,132876,81434,165561,265955,-100394,53355,34395,18960,1253.8
2018-07-24,220620,172023,48597,162640,228308,-65668,54742,37671,17071,1223.9
2018-07-31,209255,173918,35337,145254,193172,-47918,50018,37437,12581,1223.7
2018-08-07,208292,195604,12688,154203,179812,-25609,48402,35481,12921,1209.6
2018-08-14,211779,215467,-3688,164195,171545,-7350,46373,35335,11038,1193
2018-08-21,213500,222210,-8710,166529,168214,-1685,44895,34500,10395,1192.6
2018-08-28,207370,210433,-3063,165581,173843,-8262,45508,34183,11325,1207.4
2018-09-04,199762,213259,-13497,168732,162207,6525,49169,42197,6972,1192.7
2018-09-11,198367,205957,-7590,169192,169179,13,47866,40289,7577,1195.4
2018-09-18,197797,208641,-10844,171293,169602,1691,43868,34715,9153,1196.8
2018-09-25,192940,210588,-17648,167904,160824,7080,47538,36970,10568,1200
2018-10-02,192490,214312,-21822,169371,160496,8875,49286,36339,12947,1202.4
2018-10-09,179746,217921,-38175,174309,148443,25866,47441,35132,12309,1187.2
2018-10-16,189200,171533,17667,166143,198139,-31996,47797,33468,14329,1227.3
2018-10-23,192578,163190,29388,163414,209934,-46520,47890,30758,17132,1233.4
2018-10-30,168754,155560,13194,165857,197062,-31205,48870,30859,18011,1222.6
2018-11-06,169141,150115,19026,173897,212033,-38136,48615,29505,19110,1223.8
2018-11-13,168416,177663,-9247,201354,203177,-1823,46932,35862,11070,1199.2
2018-11-20,165506,156610,8896,201259,224399,-23140,43791,29547,14244,1219
2018-11-27,156779,154908,1871,172358,188458,-16100,48120,33891,14229,1211.2
2018-12-04,173019,124018,49001,135067,193316,-58249,39504,30256,9248,1241.1
2018-12-11,169600,109101,60499,134285,211653,-77368,45264,28395,16869,1241.9
2018-12-18,182168,106208,75960,132148,224823,-92675,44758,28043,16715,1249.2
2018-12-24,208622,97637,110985,130090,258309,-128219,43866,26632,17234,1267.5
2018-12-31,210141,86369,123772,130285,274899,-144614,46707,25865,20842,1278.3
2019-01-08,199560,100344,99216,137605,258792,-121187,48508,26537,21971,1283.2
2019-01-15,201796,113883,87913,179059,287172,-108113,49334,29134,20200,1286.2
2019-01-22,186510,112006,74504,197278,289355,-92077,48740,31167,17573,1282.5
2019-01-29,212318,112725,99593,163922,282531,-118609,49142,30126,19016,1308.2
2019-02-05,218200,109105,109095,157588,288830,-131242,50355,28208,22147,1314.2
2019-02-12,214170,109296,104874,159676,285787,-126111,48849,27612,21237,1309.2
2019-02-19,254086,108439,145647,146161,312638,-166477,50871,30041,20830,1340.1
2019-02-26,236835,101139,135696,146042,305887,-159845,52989,28840,24149,1325.1
2019-03-05,202628,114610,88018,155732,269729,-113997,53221,27242,25979,1282
2019-03-12,205250,126431,78819,192029,300503,-108474,57540,27885,29655,1296.3
2019-03-19,204325,115929,88396,186704,302363,-115659,54443,27180,27263,1305
2019-03-26,214447,94706,119741,161201,312635,-151434,64720,33027,31693,1314.3
2019-04-02,193784,99228,94556,139514,257744,-118230,50046,26372,23674,1290
2019-04-09,199507,94143,105364,132478,265287,-132809,54449,27004,27445,1303.5
2019-04-16,183213,126940,56273,145702,224132,-78430,53222,31065,22157,1272.6
2019-04-23,176691,139296,37395,154403,211799,-57396,49655,29654,20001,1269.3
2019-04-30,177275,111056,66219,147288,235600,-88312,49143,27050,22093,1282.8
2019-05-07,185801,110390,75411,142078,238437,-96359,49100,28152,20948,1283.5
2019-05-14,226361,101825,124536,159444,296627,-137183,53431,40784,12647,1294.7
2019-05-21,203628,114823,88805,167827,275765,-107938,53655,34522,19133,1272
2019-05-28,194463,107775,86688,191290,301244,-109954,57167,33901,23266,1276.5
2019-06-04,240477,84362,156115,132517,305093,-172576,51603,35142,16461,1323.4
2019-06-11,250114,65876,184238,137719,339746,-202027,48995,31206,17789,1326.4
2019-06-18,274633,70310,204323,141993,365848,-223855,52355,32823,19532,1346.6
2019-06-25,298108,61554,236554,160228,420378,-260150,59428,35832,23596,1414.9
2019-07-02,312702,53756,258946,160282,447104,-286822,61332,33456,27876,1404.6
2019-07-09,306105,61342,244763,163955,442371,-278416,66388,32735,33653,1397.5
2019-07-16,309535,64034,245501,175785,453193,-277408,68146,36239,31907,1409.2
2019-07-23,311881,60631,251250,175785,463624,-287839,72995,36406,36589,1420.1
2019-07-30,312214,57826,254388,141164,429131,-287967,64221,30642,33579,1429.7
2019-08-06,350558,58013,292545,137010,461335,-324325,62844,31064,31780,1472.4
2019-08-13,346223,56133,290090,136823,460550,-323727,63458,29821,33637,1502.2
2019-08-20,352294,52301,299993,133408,469658,-336250,63855,27598,36257,1504.6
2019-08-27,362609,65771,296838,148866,482672,-333806,70411,33443,36968,1541
2019-09-03,365385,64838,300547,147717,485458,-337741,65648,28454,37194,1545.9
2019-09-10,334114,64389,269725,156061,461672,-305611,63541,27655,35886,1490.3
2019-09-17,341511,58912,282599,163008,481407,-318399,61089,25289,35800,1505.1
2019-09-24,370393,57949,312444,163585,508730,-345145,63477,30776,32701,1532.1
2019-10-01,322800,53807,268993,163050,466738,-303688,60536,25841,34695,1482
2019-10-08,334383,58820,275563,167755,478697,-310942,61518,26139,35379,1497.2
2019-10-15,319370,66343,253027,167700,455975,-288275,63063,27815,35248,1477.6
2019-10-22,322917,63785,259132,171329,466686,-295357,64093,27868,36225,1481.7
2019-10-29,335423,58908,276515,176997,478213,-301216,65617,40916,24701,1487
2019-11-05,344591,64763,279828,181688,498826,-317138,65378,28068,37310,1480.8
2019-11-12,323189,56123,267066,210067,511535,-301468,67721,33319,34402,1452.1
2019-11-19,337296,51437,285859,206626,525721,-319095,65553,32317,33236,1473.3
2019-11-26,325286,53652,271634,191548,497015,-305467,58912,25079,33833,1459.8
2019-12-03,346525,55820,290705,203920,526707,-322787,56680,24598,32082,1478.2
2019-12-10,329169,58249,270920,203374,505657,-302283,56051,24688,31363,1462.6
2019-12-17,344493,58218,286275,202432,521051,-318619,55897,23553,32344,1474.6
2019-12-24,364310,58658,305652,203204,543600,-340396,59201,24457,34744,1499.1
2019-12-31,381620,53695,327925,202925,569416,-366491,61010,22444,38566,1519.5
2020-01-07,383480,61189,322291,202452,558533,-356081,60562,26772,33790,1571.8
2020-01-14,376809,57574,319235,221358,571177,-349819,61597,31013,30584,1542.4
2020-01-21,374793,57098,317695,212445,564348,-351903,65117,30909,34208,1556.4
2020-01-28,376401,46309,330092,192300,553114,-360814,60782,30060,30722,1569.2
2020-02-04,355909,56103,299806,176786,508473,-331687,60665,28784,31881,1550.4
2020-02-11,356535,48561,307974,181629,519420,-337791,60597,30780,29817,1565.6
2020-02-18,408349,54700,353649,175519,561131,-385612,64843,32880,31963,1600
2020-02-25,389339,53474,335865,176619,552240,-375621,76231,36475,39756,1646.9
2020-03-03,366173,46440,319733,178134,529145,-351011,62319,31041,31278,1642.1
2020-03-10,336290,36759,299531,182948,511252,-328304,60168,31395,28773,1659.1
2020-03-17,317405,35489,281916,154761,456470,-301709,51321,31528,19793,1524.9
2020-03-24,317928,29562,288366,135711,447534,-311823,49816,26359,23457,1660.2
2020-03-31,287529,28680,258849,128083,412042,-283959,47696,22586,25110,1583.4
2020-04-07,279880,30938,248942,118885,394496,-275611,51464,24795,26669,1664.8
2020-04-14,286617,34116,252501,116839,397247,-280408,53171,25264,27907,1756.7
2020-04-21,282263,32692,249571,116808,396881,-280073,53158,22656,30502,1678.2
2020-04-28,287382,24653,262729,114902,408531,-293629,54084,23184,30900,1710.5
2020-05-05,275571,25567,250004,120045,401681,-281636,54717,23085,31632,1704.4
2020-05-12,277771,34943,242828,126023,404556,-278533,57787,22082,35705,1704.4
2020-05-19,295394,43606,251788,133715,423889,-290174,59851,21465,38386,1744.2
2020-05-26,288148,50234,237914,131977,406299,-274322,59298,22890,36408,1704.8
2020-06-02,272196,53162,219034,108654,365277,-256623,57888,20299,37589,1725.2
2020-06-09,263972,55359,208613,110115,353572,-243457,54930,20086,34844,1714.7
2020-06-16,277395,53047,224348,110922,368942,-258020,55159,21487,33672,1729.6
2020-06-23,308459,56502,251957,114410,401702,-287292,61677,26342,35335,1772.1
2020-06-30,328942,62272,266670,116697,418160,-301463,62121,27328,34793,1793
2020-07-07,337030,69672,267358,118424,421016,-302592,63292,28058,35234,1804.2
2020-07-14,330205,67777,262428,125909,427927,-302018,64465,24875,39590,1810.6
2020-07-21,334237,67801,266436,129690,433549,-303859,67224,29801,37423,1842.4
2020-07-28,312588,75787,236801,139803,418180,-278377,65401,23825,41576,1944.7
2020-08-04,321847,83101,238746,119109,395454,-276345,67427,29828,37599,2001.2
2020-08-11,306867,82814,224053,123125,391456,-268331,68072,23794,44278,1932.6
2020-08-18,302369,78851,223518,123511,391282,-267771,66953,22700,44253,1999.4
2020-08-25,301559,80521,221038,128266,394711,-266445,66385,20978,45407,1911.8
2020-09-01,306118,75322,230796,121254,398660,-277406,69351,22741,46610,1968.2
2020-09-08,313173,76700,236473,122050,403090,-281040,67285,22718,44567,1933
2020-09-15,324512,83535,240977,126290,411476,-285186,68537,24328,44209,1956.3
2020-09-22,309015,89955,219060,137900,404308,-266408,69670,22322,47348,1898.6
2020-09-29,316106,72447,243659,133657,419835,-286178,64556,22037,42519,1894.3
2020-10-06,320922,72335,248587,124401,412869,-288468,66522,26641,39881,1901.1
2020-10-13,326986,86315,240671,116429,401084,-284655,67772,23788,43984,1888.5
2020-10-20,340206,90602,249604,116918,411042,-294124,65994,21474,44520,1910.4
2020-10-27,326063,77429,248634,114210,410672,-296462,70778,22950,47828,1908.8
2020-11-03,321798,78889,242909,108679,398017,-289338,66826,20397,46429,1908.5
2020-11-10,318516,78780,239736,111142,394565,-283423,64247,20560,43687,1875.4
2020-11-17,329698,78428,251270,106681,401253,-294572,64301,20999,43302,1884.5
2020-11-24,320324,76422,243902,108625,393454,-284829,65390,24463,40927,1804.8
2020-12-01,324344,64030,260314,110108,403371,-293263,55439,22490,32949,1814.1
2020-12-08,338271,69051,269220,104016,404739,-300723,55752,24249,31503,1870.8
2020-12-15,340610,69026,271584,101736,408078,-306342,57079,22321,34758,1852.3
2020-12-21,349870,71674,278196,99303,414402,-315099,58780,21877,36903,1879.2
2020-12-29,341812,72940,268872,101283,408537,-307254,58726,20344,38382,1879.7
2021-01-05,349946,70628,279318,97405,418328,-320923,61730,20125,41605,1952.7
2021-01-12,313217,66990,246227,105980,396281,-290301,62806,18732,44074,1842.9
2021-01-19,307507,60869,246638,99444,386911,-287467,60731,19902,40829,1839.5
2021-01-26,313532,55986,257546,94890,393838,-298948,60968,19566,41402,1850.7
2021-02-02,314352,57226,257126,90132,388089,-297957,59451,18620,40831,1830.5
2021-02-09,309326,57919,251407,87800,379995,-292195,58041,17253,40788,1835.3
2021-02-16,303583,68614,234969,91152,366230,-275078,59140,19031,40109,1797.2
2021-02-23,284081,68348,215733,92086,343815,-251729,55723,19727,35996,1804.4
2021-03-02,265533,75895,189638,94844,317047,-222203,53410,20845,32565,1733.1
2021-03-09,254839,79676,175163,104656,312536,-207880,54516,21799,32717,1716.6
2021-03-16,256237,76041,180196,115396,324871,-209475,50576,21297,29279,1730.6
2021-03-23,262774,88707,174067,116781,318584,-201803,50057,22321,27736,1724.7
2021-03-30,263453,95925,167528,112072,305798,-193726,48980,22782,26198,1683.9
2021-04-06,275703,86194,189509,98196,312995,-214799,46301,21011,25290,1741.5
2021-04-13,269513,88639,180874,100227,309015,-208788,48173,20259,27914,1746.2
2021-04-20,275985,94487,181498,100905,314098,-213193,50373,18678,31695,1777.3
2021-04-27,270717,100098,170619,103732,310909,-207177,54199,17641,36558,1778
2021-05-04,270194,99453,170741,103961,305884,-201923,51126,19944,31182,1775.8
2021-05-11,282161,89906,192255,111751,338835,-227084,54400,19571,34829,1835.9
2021-05-18,290267,91378,198889,121839,354740,-232901,55146,21134,34012,1867.8
2021-05-25,288266,73624,214642,111024,361893,-250869,59511,23284,36227,1898.1
2021-06-01,288826,75125,213701,102986,351161,-248175,53306,18832,34474,1902.9
2021-06-08,288781,79394,209387,103496,348302,-244806,53829,18410,35419,1892.2
2021-06-15,273947,81911,192036,106323,337549,-231226,56320,17130,39190,1854.5
2021-06-22,253153,86939,166214,105830,308212,-202382,53152,16984,36168,1776.3
2021-06-29,254206,91980,162226,107398,302518,-195120,51048,18154,32894,1762.8
2021-07-06,270545,87724,182821,107675,322401,-214726,49928,18023,31905,1793.5
2021-07-13,275543,84707,190836,112439,333467,-221028,50079,19887,30192,1809.4
2021-07-20,277312,81340,195972,123541,352089,-228548,49200,16624,32576,1810.9
2021-07-27,273688,74300,199388,116498,345312,-228814,48080,18654,29426,1799.5
2021-08-03,273143,76808,196335,121349,352633,-231284,51591,16642,34949,1810.1
2021-08-10,277260,108854,168406,124720,320361,-195641,47485,20250,27235,1728.8
2021-08-17,284437,92895,191542,123301,337301,-214000,44315,21857,22458,1785
2021-08-24,299084,88431,210653,123101,357779,-234678,44517,20492,24025,1805.6
2021-08-31,311004,94454,216550,119896,360408,-240512,43514,19552,23962,1815
2021-09-07,306017,99978,206039,119906,355714,-235808,49214,19445,29769,1795.9
2021-09-14,306988,99228,207760,119152,353403,-234251,47097,20606,26491,1804.7
2021-09-21,296670,109023,187647,119307,331951,-212644,45636,20639,24997,1776
2021-09-28,293814,125415,168399,124073,314224,-190151,44821,23069,21752,1735.8
2021-10-05,295939,113357,182582,114229,317931,-203702,44017,22897,21120,1759.6
2021-10-12,298503,112964,185539,110697,318311,-207614,43819,21744,22075,1758.3
2021-10-19,299882,106533,193349,107128,326318,-219190,46194,20353,25841,1769.7
2021-10-26,313646,99086,214560,103423,343077,-239654,47707,22613,25094,1792.7
2021-11-02,311091,95962,215129,100692,340569,-239877,45936,21188,24748,1788.7
2021-11-09,341111,90930,250181,105197,380686,-275489,50094,24786,25308,1830.2
2021-11-16,360529,100749,259780,125758,413297,-287539,52054,24295,27759,1853.6
2021-11-23,326409,91998,234411,121027,388861,-267834,55380,21957,33423,1783.5
2021-11-30,310253,84393,225860,119562,378165,-258603,51657,18914,32743,1773.6
2021-12-07,300518,83333,217185,103942,349565,-245623,47358,18920,28438,1782.6
2021-12-14,298142,95741,202401,107421,338832,-231411,48697,19687,29010,1770.4
2021-12-21,296628,90817,205811,104997,341026,-236029,49251,19033,30218,1787.9
2021-12-28,303879,90723,213156,103172,348836,-245664,51121,18613,32508,1810.2
2022-01-04,296583,85228,211355,104258,341716,-237458,45400,19297,26103,1814
2022-01-11,290102,90365,199737,116292,341365,-225073,48323,22987,25336,1818.6
2022-01-18,290528,96321,194207,132764,353832,-221068,46978,20117,26861,1812.3
2022-01-25,313415,93264,220151,130208,379954,-249746,50669,21074,29595,1852.7
2022-02-01,275994,103852,172142,127633,328975,-201342,46819,17619,29200,1800.3
2022-02-08,279559,92853,186706,126328,337762,-211434,44869,20141,24728,1826.6
2022-02-15,313269,99656,213613,126837,365712,-238875,46689,21427,25262,1854.8
2022-02-22,350096,106948,243148,129682,399404,-269722,49090,22516,26574,1906.1
2022-03-01,354177,96555,257622,127231,413040,-285809,50266,22079,28187,1942.4
2022-03-08,364618,90230,274388,139397,446343,-306946,55964,23406,32558,2040.1
2022-03-15,346731,84943,261788,151045,448486,-297441,54330,18677,35653,1928.5
2022-03-22,328660,80628,248032,155039,436634,-281595,53441,19878,33563,1920.7
2022-03-29,327632,70036,257596,133050,418987,-285937,49022,20681,28341,1912
2022-04-05,324570,79029,245541,124506,403264,-278758,51778,18561,33217,1922.9
2022-04-12,338164,83877,254287,125627,413720,-288093,55264,21458,33806,1972.1
2022-04-19,330745,90988,239757,129157,404682,-275525,55032,19264,35768,1955.7
2022-04-26,310511,92487,218024,127546,376840,-249294,50938,19668,31270,1901.4
2022-05-03,293439,94271,199168,130795,362647,-231852,51270,18586,32684,1868.8
2022-05-10,288947,95632,193315,132251,360007,-227756,52098,17657,34441,1839.9
2022-05-17,283011,107651,175360,137687,344566,-206879,50588,19069,31519,1818.2
2022-05-24,282202,98389,183813,130364,342311,-211947,47411,19277,28134,1865.1
2022-05-31,269459,96870,172589,135360,335416,-200056,46639,19172,27467,1842.7
2022-06-07,270356,95088,175268,116965,316851,-199886,44090,19472,24618,1847.5
2022-06-14,266596,111998,154598,121926,300495,-178569,45726,21755,23971,1809.5
2022-06-21,268119,104832,163287,120045,306974,-186929,44380,20738,23642,1834.6
2022-06-28,268712,111019,157693,117038,299045,-182007,44823,20509,24314,1817.5
2022-07-05,267806,122146,145660,118289,283874,-165585,43933,24008,19925,1761.8
2022-07-12,251126,133005,118121,131170,268958,-137788,52583,32916,19667,1723.3
2022-07-19,241004,146049,94955,152103,264365,-112262,43294,25987,17307,1710
2022-07-26,241661,148971,92690,142007,250429,-108422,42821,27089,15732,1717.7
2022-08-02,242128,117802,124326,127700,263265,-135565,37481,26242,11239,1771.1
2022-08-09,242906,100055,142851,121980,276534,-154554,37927,26224,11703,1794
2022-08-16,238196,97032,141164,122566,276275,-153709,37826,25281,12545,1773.2
2022-08-23,237427,111580,125847,126193,264265,-138072,38292,26067,12225,1746.8
2022-08-30,235314,117580,117734,126535,256214,-129679,38918,26973,11945,1723.2
2022-09-06,231527,127670,103857,129683,243747,-114064,38798,28591,10207,1700.4
2022-09-13,225932,128588,97344,126950,237888,-110938,40556,26962,13594,1705
2022-09-20,214557,148835,65722,141862,217290,-75428,40500,30794,9706,1659.7
2022-09-27,207154,155073,52081,139361,201499,-62138,40325,30268,10057,1626.7
2022-10-04,215964,127579,88385,116451,212999,-96548,36704,28541,8163,1721.1
2022-10-11,212561,118141,94420,112867,216595,-103728,36988,27680,9308,1678.7
2022-10-18,210890,133934,76956,115073,205103,-90030,39286,26212,13074,1649
2022-10-25,212853,144821,68032,123085,203298,-80213,39637,27456,12181,1652.8
2022-11-01,216341,151718,64623,125689,200471,-74782,38559,28400,10159,1645
2022-11-08,223135,140797,82338,126187,217331,-91144,38045,29239,8806,1712.1
2022-11-15,227282,101013,126269,135035,269343,-134308,36973,28934,8039,1773.8
2022-11-22,214284,98171,116113,133754,263818,-130064,40296,26345,13951,1738.3
2022-11-29,209161,99158,110003,134184,253417,-119233,33946,24716,9230,1748.4
2022-12-06,211472,96347,115125,117578,247657,-130079,37785,22831,14954,1769.3
2022-12-13,224409,98760,125649,119908,258437,-138529,37309,24429,12880,1813.9
2022-12-20,226136,97288,128848,116465,258979,-142514,38696,25030,13666,1815.9
2022-12-27,229525,92645,136880,116744,270520,-153776,39424,22528,16896,1814.8
2023-01-03,230801,89135,141666,113520,273494,-159974,42337,24029,18308,1839.7
2023-01-10,243566,93031,150535,111718,284196,-172478,46373,24430,21943,1871.6
2023-01-17,246874,93634,153240,122814,298727,-175913,48128,25455,22673,1907.2
2023-01-24,253311,95638,157673,127419,307973,-180554,47880,24999,22881,1933.9
2023-01-31,256417,96136,160281,120147,300667,-180520,43984,23745,20239,1929.5
2023-02-07,223298,94483,128815,118802,271768,-152966,48076,23925,24151,1871.7
2023-02-14,210374,104845,105529,120812,249884,-129072,45444,21901,23543,1854
2023-02-21,210185,103084,107101,119040,248395,-129355,43956,21702,22254,1833
2023-02-28,208419,99826,108593,123391,250878,-127487,41958,23064,18894,1828.9
2023-03-07,215574,117100,98474,125394,244314,-118920,43640,23194,20446,1813.9
2023-03-14,230823,90492,140331,122457,277897,-155440,41795,26686,15109,1906.2
2023-03-21,237891,79286,158605,121678,305246,-183568,47624,22661,24963,1938
2023-03-28,245135,63505,181630,131786,333294,-201508,47388,27510,19878,1972.4
2023-04-04,266164,70948,195216,116869,335119,-218250,48740,25706,23034,2022.2
2023-04-11,260165,67420,192745,119710,336258,-216548,49102,25299,23803,2004.8
2023-04-18,260061,70168,189893,123496,339921,-216425,50647,24115,26532,2007.4
2023-04-25,253186,67922,185264,124518,336446,-211928,51048,24384,26664,1994
2023-05-02,262413,66846,195567,127451,345035,-217584,47502,25485,22017,2014.3
2023-05-09,266472,70658,195814,130985,353500,-222515,52012,25311,26701,2036.2
2023-05-16,255250,75436,179814,138322,349879,-211557,54852,23109,31743,1988.4
2023-05-23,236149,75417,160732,142984,330007,-187023,49327,23036,26291,1972.4
2023-05-30,237306,67990,169316,133329,323334,-190005,43611,22922,20689,1958
2023-06-06,237467,61826,175641,116363,314550,-198187,47595,25049,22546,1965.5
2023-06-13,227317,67108,160209,120461,306523,-186062,48953,23100,25853,1944.6
2023-06-20,229308,66333,162975,121419,307956,-186537,47402,23840,23562,1935.5
2023-06-27,220881,68971,151910,119054,294389,-175335,48042,24617,23425,1914
2023-07-03,235081,71984,163097,114905,299622,-184717,45490,23870,21620,1921.7
2023-07-11,240546,74792,165754,114790,302539,-187749,46618,24623,21995,1931.3
2023-07-18,263740,70392,193348,115498,329213,-213715,45784,25417,20367,1977.2
2023-07-25,248229,74590,173639,125491,323701,-198210,47300,22729,24571,1962.1
2023-08-01,238985,74061,164924,117610,304455,-186845,43254,21333,21921,1940.7
2023-08-08,228846,85861,142985,113890,281444,-167554,44996,20427,24569,1924.1
2023-08-15,233078,111942,121136,116062,257992,-141930,44337,23543,20794,1902.5
2023-08-22,226340,124394,101946,117646,238682,-121036,45312,26222,19090,1896.4
2023-08-29,236054,112782,123272,118132,258726,-140594,43767,26445,17322,1936.5
2023-09-05,235802,97796,138006,111456,269695,-158239,45966,25733,20233,1926.2
2023-09-12,235704,111840,123864,113062,257872,-144810,46740,25794,20946,1911.3
2023-09-19,237716,102553,135163,110014,262946,-152932,43921,26152,17769,1932
2023-09-26,235560,119745,115815,110844,245680,-134836,45213,26192,19021,1900.4
2023-10-03,228406,137180,91226,110666,222648,-111982,45256,24500,20756,1824.6
2023-10-10,220332,148899,71433,121341,211769,-90428,44470,25475,18995,1861
2023-10-17,231412,118674,112738,110062,238061,-127999,40863,25602,15261,1922.7
2023-10-24,251469,102084,149385,106180,272053,-165873,42129,25641,16488,1975
2023-10-31,261053,97628,163425,105971,288678,-182707,44792,25510,19282,1985.2
2023-11-07,261653,95437,166216,110651,296742,-186091,45484,25609,19875,1966.8
2023-11-14,254352,98976,155376,110728,287747,-177019,45409,23766,21643,1961.8
2023-11-21,269701,97996,171705,115937,306172,-190235,43959,25429,18530,1999.3
2023-11-28,289845,89761,200084,115596,334188,-218592,45650,27142,18508,2039.7
2023-12-05,288840,85296,203544,103193,330138,-226945,47483,24082,23401,2018.5
2023-12-12,273536,85303,188233,105710,318518,-212808,46457,21882,24575,1977.8
2023-12-19,280972,79633,201339,105559,332617,-227058,48019,22300,25719,2038.4
2023-12-26,289843,82125,207718,105951,338296,-232345,48036,23409,24627,2058.2
2024-01-02,290706,83057,207649,108804,344282,-235478,49200,21371,27829,2064.3999
2024-01-09,271665,83051,188614,106489,324190,-217701,50574,21487,29087,2026.4
2024-01-16,262360,82467,179893,109287,316707,-207420,49640,22113,27527,2026
2024-01-23,241100,71626,169474,113094,305187,-192093,45644,23025,22619,2023.7
2024-01-30,219222,71431,147791,117525,288043,-170518,45364,22637,22727,2031.5
2024-02-06,228623,66885,161738,104344,284585,-180241,41863,23360,18503,2034.5
2024-02-13,217505,86337,131168,109529,262509,-152980,44228,22416,21812,1992.9
2024-02-20,211034,70772,140262,106419,265830,-159411,41846,22697,19149,2027.5
2024-02-27,214948,73312,141636,108432,266784,-158352,38943,22227,16716,2034
2024-03-05,264148,72855,191293,104023,310815,-206792,44782,29283,15499,2133.5
2024-03-12,283062,81460,201602,129432,347705,-218273,47992,31321,16671,2160.3999
2024-03-19,278732,77130,201602,138102,355632,-217530,49131,33203,15928,2156.3
2024-03-26,265647,66353,199294,141774,360114,-218340,48004,28958,19046,2175.6001
2024-04-02,281399,74149,207250,127114,352828,-225714,48931,30467,18464,2261
2024-04-09,279799,77380,202419,128094,352676,-224582,51559,29396,22163,2343.5
2024-04-16,278777,76854,201923,132684,355442,-222758,50245,29410,20835,2390.8
2024-04-23,279535,76644,202891,129083,355955,-226872,48914,24933,23981,2327.7
2024-04-30,278850,74640,204210,126925,354423,-227498,50274,26986,23288,2291.3999
2024-05-07,272144,72577,199567,124899,352165,-227266,54701,27002,27699,2315.2
2024-05-14,277642,73146,204496,133583,365693,-232110,52633,25019,27614,2353.3999
2024-05-21,300729,70923,229806,118514,377177,-258663,55264,26407,28857,2421.7
2024-05-28,286737,50152,236585,109181,370131,-260950,51528,27163,24365,2355.2
2024-06-04,284566,47264,237302,83418,349349,-265931,49807,21178,28629,2325.5
2024-06-11,276769,42843,233926,82174,342685,-260511,50311,23726,26585,2307.5
2024-06-18,287147,44063,243084,83440,351170,-267730,47659,23013,24646,2330.3999
2024-06-25,284885,38656,246229,86551,358039,-271488,48436,23177,25259,2316.6001
2024-07-02,280117,38574,241543,86905,351704,-264799,47694,24438,23256,2323
2024-07-09,303043,48268,254775,92907,373536,-280629,50623,24769,25854,2360.1001
2024-07-16,349827,64803,285024,110041,419345,-309304,53814,29534,24280,2462.3999
2024-07-23,341600,68526,273074,102237,403162,-300925,53705,25854,27851,2404.6001
2024-07-30,313364,66763,246601,99015,371872,-272857,49931,23675,26256,2405
2024-08-06,298119,59370,238749,88442,357476,-269034,51205,20920,30285,2389.1001
2024-08-13,328769,61505,267264,88313,380815,-292502,50388,25150,25238,2466.7
2024-08-20,355551,64298,291253,86232,402738,-316506,52918,27665,25253,2511.3
2024-08-27,343330,48885,294445,85102,407421,-322319,54689,26815,27874,2516
2024-09-03,339157,51599,287558,80416,392303,-311887,51198,26869,24329,2489.8999
2024-09-10,340006,57505,282501,78232,385131,-306899,50937,26539,24398,2512.3
2024-09-17,369734,59668,310066,74647,409774,-335127,52976,27915,25061,2564.3
2024-09-24,387572,72182,315390,76713,416419,-339706,53444,29128,24316,2651.2
2024-10-01,370051,70120,299931,67099,394623,-327524,53191,25598,27593,2667.3
2024-10-08,348891,70711,278180,68957,372933,-303976,51440,25644,25796,2615
2024-10-15,357494,71060,286434,70028,382686,-312658,50490,24266,26224,2661.3999
2024-10-22,371813,75609,296204,66245,390946,-324701,54214,25717,28497,2744.2
2024-10-29,366636,87983,278653,68935,372606,-303671,53432,28414,25018,2768.3999
2024-11-05,336816,81487,255329,73287,356346,-283059,52637,24907,27730,2740.3
2024-11-12,316225,79774,236451,75347,340929,-265582,56838,27707,29131,2600
2024-11-19,309354,74987,234367,73459,335781,-262322,52421,24466,27955,2627.1001
2024-11-26,303401,53063,250338,72377,344897,-272520,46574,24392,22182,2620.3
2024-12-03,307611,47875,259736,63251,349526,-286275,48337,21798,26539,2644.7
2024-12-10,324332,48746,275586,66025,362896,-296871,46448,25163,21285,2697.6001
2024-12-17,302978,40937,262041,61012,346245,-285233,48388,25196,23192,2644.3999
2024-12-24,289416,41787,247629,58136,331472,-273336,47813,22106,25707,2620
2024-12-31,282907,35628,247279,60399,331695,-271296,47357,23340,24017,2629.2
2025-01-07,291721,36810,254911,62674,341320,-278646,47574,23839,23735,2656.7
2025-01-14,312568,33205,279363,92075,394527,-302452,48250,25161,23089,2677.5
2025-01-21,337289,36505,300784,95116,421724,-326608,50638,24814,25824,2755
2025-01-28,338371,38962,299409,110034,433756,-323722,49224,24911,24313,2766.8
2025-02-04,356500,53992,302508,74378,402553,-328175,49522,23855,25667,2853.3
2025-02-11,343766,59262,284504,72622,382510,-309888,49509,24125,25384,2912.5
2025-02-18,334043,65369,268674,72393,368464,-296071,50882,23485,27397,2931.6001
2025-02-25,316948,55323,261625,71796,359896,-288100,48803,22328,26475,2904.5
2025-03-04,303132,59871,243261,65713,336828,-271115,49602,21748,27854,2909.6001
2025-03-11,296172,60072,236100,84545,349733,-265188,53747,24659,29088,2912.8999
2025-03-18,321654,63722,257932,91549,376717,-285168,52841,25605,27236,3035.1001
2025-03-25,316572,66776,249796,86838,365436,-278598,52852,24050,28802,3023.7
2025-04-01,327936,89502,238434,68875,333936,-265061,50688,24061,26627,3118.8999
2025-04-08,269833,69118,200715,69214,301397,-232183,50486,19018,31468,2968.3999
2025-04-15,271707,69497,202210,70568,302480,-231912,51349,21647,29702,3218.7
2025-04-22,258896,83518,175378,91128,293396,-202268,50904,24014,26890,3400.8
2025-04-29,240377,77059,163318,92787,283548,-190761,50675,23232,27443,3318.8
2025-05-06,237445,74948,162497,87244,279347,-192103,52632,23026,29606,3411.3999
2025-05-13,238191,76982,161209,88412,279619,-191207,51570,21572,29998,3240.3
2025-05-20,238062,74081,163981,90256,287904,-197648,54053,20386,33667,3280.3
2025-05-27,234087,59903,174184,87509,295096,-207587,56541,23138,33403,3299.1001
2025-06-03,246982,59077,187905,70905,291731,-220826,51996,19075,32921,3350.2
2025-06-10,245995,58514,187481,68432,291150,-222718,54008,18771,35237,3320.8999
2025-06-17,260586,59938,200648,71684,309411,-237727,55840,18761,37079,3386.6001
2025-06-24,256077,61073,195004,73323,303883,-230560,55009,19453,35556,3317.3999
2025-07-01,258631,56651,201980,68820,304889,-236069,53324,19235,34089,3336.7
2025-07-08,261685,58717,202968,71875,310229,-238354,56291,20905,35386,3307
2025-07-15,270227,57112,213115,75989,326677,-250688,56976,19403,37573,3329.8
2025-07-22,311949,58911,253038,76726,359063,-282337,54052,24753,29299,3439.2
2025-07-29,281241,57645,223596,79093,338172,-259079,53216,17733,35483,3323.3999
2025-08-05,292194,55144,237050,74075,344221,-270146,52597,19501,33096,3381.8999
2025-08-12,288115,58630,229485,63427,326492,-263065,53656,20076,33580,3348.8999
2025-08-19,275277,62687,212590,66670,316635,-249965,56098,18723,37375,3313.3999
2025-08-26,275767,61456,214311,72908,323873,-250965,56712,20058,36654,3388.6001
2025-09-02,315796,66266,249530,73919,347817,-273898,56635,32267,24368,3549.3999
2025-09-09,324875,63135,261740,73850,347225,-273375,58990,47355,11635,3643.3
2025-09-16,326778,60368,266410,77867,380238,-302371,60872,24911,35961,3688.8999
2025-09-23,332808,66059,266749,82971,381374,-298403,57683,26029,31654,3780.6001
2025-09-30,318804,65896,252908,68872,357108,-288236,57524,22196,35328,3840.8
2025-10-07,300798,68842,231956,77599,341371,-263772,56574,24758,31816,3976.6001
2025-10-14,278405,74489,203916,92027,328894,-236867,59259,26308,32951,4138.7002
2025-10-21,253851,77242,176609,107847,317964,-210117,55921,22413,33508,4087.7
2025-10-28,266308,61644,204664,89653,326680,-237027,52742,20379,32363,3966.2
2025-11-04,256572,54265,202307,88355,324897,-236542,53661,19426,34235,3947.7
2025-11-10,265916,58847,207069,87076,331899,-244823,56742,18988,37754,4111.7998
2025-11-18,269556,59217,210339,97001,342586,-245585,54239,18993,35246,4061.3
2025-11-25,253266,48678,204588,82657,324060,-241403,53773,16958,36815,4139.2002
2025-12-02,261331,43771,217560,60147,315495,-255348,55812,18024,37788,4186.6001
2025-12-09,268485,44599,223886,63707,326286,-262579,55485,16792,38693,4206.7002
2025-12-16,280920,46942,233978,74655,349013,-274358,58795,18415,40380,4304.5
2025-12-23,290161,49461,240700,75835,359361,-283526,62268,19442,42826,4482.7998
2025-12-30,275592,44419,231173,82254,357500,-275246,60217,16144,44073,4370.1001
2026-01-06,274435,46803,227632,80218,352253,-272035,60118,15715,44403,4482.2002
2026-01-13,296183,44945,251238,83382,380488,-297106,66220,20352,45868,4589.2002
2026-01-20,295772,51002,244770,85869,375558,-289689,62136,17217,44919,4759.6001
2026-01-27,252100,46704,205396,96200,344485,-248285,62677,19788,42889,5079.8999
2026-02-03,214508,48904,165604,87964,295742,-207778,56610,14436,42174,4903.7002
2026-02-10,212808,52796,160012,88738,286476,-197738,52916,15190,37726,5003.7998
2026-02-17,213432,53517,159915,88237,285019,-196782,51821,14954,36867,4882.8999
2026-02-24,211649,52472,159177,86198,287004,-200806,67772,26143,41629,5155.7998
2026-03-03,213752,53607,160145,84834,285417,-200583,55126,14688,40438,5107.3999
2026-03-10,215445,52313,163132,85280,288256,-202976,53424,13580,39844,5229.7002
2026-03-17,215961,56092,159869,86184,284832,-198648,52913,14134,38779,5001
2026-03-24,220861,52534,168327,76997,280825,-203828,49273,13772,35501,4399.2998
2026-03-31,207602,44400,163202,58697,260337,-201640,50617,12179,38438,4647.6001
2026-04-07,205368,49063,156305,57729,251480,-193751,49117,11671,37446,4657.1001
2026-04-14,210009,47483,162526,55757,256839,-201082,51568,13012,38556,4825
2026-04-21,212893,48887,164006,56261,259201,-202940,52223,13289,38934,4698.3999
2026-04-28,211818,52247,159571,60553,255366,-194813,49280,14038,35242,4591.5
2026-05-05,211814,48511,163303,58230,257165,-198935,49252,13620,35632,4555.7998
2026-05-12,219793,48171,171622,57725,267983,-210258,49951,11315,38636,4677.6001
2026-05-19,211018,51185,159833,69520,261149,-191629,47082,15286,31796,4506.2998
2026-05-26,200704,46444,154260,74641,260407,-185766,47149,15643,31506,4500.3999
2026-06-02,206096,30076,176020,53851,260196,-206345,43656,13331,30325,4489.1001
2026-06-09,207984,34147,173837,58986,260022,-201036,42891,15692,27199,4260
2026-06-16,211127,30907,180220,58220,265783,-207563,43966,16623,27343,4330.8999
2026-06-23,217028,35689,181339,64579,269983,-205404,39265,15200,24065,4129.8999
2026-06-30,229619,35600,194019,59118,280188,-221070,49035,21984,27051,4022.8999
2026-07-07,233713,39467,194246,59564,281846,-222282,45636,17600,28036,4145.2998
2026-07-14,227310,40628,186682,79639,294427,-214788,44419,16313,28106,4061.1001
2026-07-21,224785,40875,183910,80457,293656,-213199,46143,16854,29289,4071.1001
2026-07-28,219622,37552,182070,75460,287769,-212309,61384,31145,30239,4036.3
2026-08-04,227013,29379,197634,71832,298323,-226491,44531,15674,28857,4095.3999
2026-08-11,250936,32996,217940,69385,322025,-252640,51051,16351,34700,4383
2026-08-18,256902,34713,222189,69050,327468,-258418,51347,15118,36229,4366
2026-08-25,277159,33825,243334,62453,342038,-279585,54725,18474,36251,4638.1001
2026-09-01,260485,32361,228124,61450,326168,-264718,52030,15436,36594,4348
2026-09-08,261007,29047,231960,54403,324677,-270274,52554,14240,38314,4393.8999
