Boundary,CloseMoveRanges,DownMaeRanges,EndBar,EndClose,EndInsideRange,EventBar,EventClose,HorizonBars,Interaction,Italy,London,PocTouched,ProfileLabel,TradeCoverage,UTC,UpMfeRanges
LOW,-0.26,0.62,147,29897.5,False,146,29912.5,1,BREACH,2026-06-12 12:19:59,2026-06-12 11:19:59,False,2026-06-12:139-145:DynamicCompression,AVAILABLE,2026-06-12 10:19:59,0.11
LOW,-1.57,1.8,149,29823.25,False,146,29912.5,3,BREACH,2026-06-12 12:29:56,2026-06-12 11:29:56,False,2026-06-12:139-145:DynamicCompression,AVAILABLE,2026-06-12 10:29:56,0.11
LOW,-1.05,1.8,152,29852.75,False,146,29912.5,6,BREACH,2026-06-12 12:44:48,2026-06-12 11:44:48,False,2026-06-12:139-145:DynamicCompression,AVAILABLE,2026-06-12 10:44:48,0.11
LOW,-0.54,1.8,158,29882.0,False,146,29912.5,12,BREACH,2026-06-12 13:14:55,2026-06-12 12:14:55,False,2026-06-12:139-145:DynamicCompression,AVAILABLE,2026-06-12 11:14:55,0.11
LOW,-0.34,0.66,148,29878.25,False,147,29897.5,1,BREACH,2026-06-12 12:24:58,2026-06-12 11:24:58,False,2026-06-12:139-145:DynamicCompression,AVAILABLE,2026-06-12 10:24:58,0.0
LOW,-1.11,1.54,150,29834.5,False,147,29897.5,3,BREACH,2026-06-12 12:34:53,2026-06-12 11:34:53,False,2026-06-12:139-145:DynamicCompression,AVAILABLE,2026-06-12 10:34:53,0.0
LOW,-0.8,1.54,153,29852.0,False,147,29897.5,6,BREACH,2026-06-12 12:49:44,2026-06-12 11:49:44,False,2026-06-12:139-145:DynamicCompression,AVAILABLE,2026-06-12 10:49:44,0.0
LOW,0.02,1.54,159,29898.75,False,147,29897.5,12,BREACH,2026-06-12 13:19:56,2026-06-12 12:19:56,False,2026-06-12:139-145:DynamicCompression,AVAILABLE,2026-06-12 11:19:56,0.06
LOW,-0.96,1.2,149,29823.25,False,148,29878.25,1,BREACH,2026-06-12 12:29:56,2026-06-12 11:29:56,False,2026-06-12:139-145:DynamicCompression,AVAILABLE,2026-06-12 10:29:56,0.05
LOW,-0.68,1.2,151,29839.25,False,148,29878.25,3,BREACH,2026-06-12 12:39:58,2026-06-12 11:39:58,False,2026-06-12:139-145:DynamicCompression,AVAILABLE,2026-06-12 10:39:58,0.05
LOW,-0.65,1.2,154,29841.0,False,148,29878.25,6,BREACH,2026-06-12 12:54:56,2026-06-12 11:54:56,False,2026-06-12:139-145:DynamicCompression,AVAILABLE,2026-06-12 10:54:56,0.05
LOW,0.96,1.2,160,29933.0,True,148,29878.25,12,BREACH,2026-06-12 13:24:55,2026-06-12 12:24:55,False,2026-06-12:139-145:DynamicCompression,AVAILABLE,2026-06-12 11:24:55,0.99
LOW,0.2,0.06,150,29834.5,False,149,29823.25,1,BREACH,2026-06-12 12:34:53,2026-06-12 11:34:53,False,2026-06-12:139-145:DynamicCompression,AVAILABLE,2026-06-12 10:34:53,0.68
LOW,0.52,0.06,152,29852.75,False,149,29823.25,3,BREACH,2026-06-12 12:44:48,2026-06-12 11:44:48,False,2026-06-12:139-145:DynamicCompression,AVAILABLE,2026-06-12 10:44:48,0.69
LOW,0.38,0.06,155,29844.75,False,149,29823.25,6,BREACH,2026-06-12 12:59:52,2026-06-12 11:59:52,False,2026-06-12:139-145:DynamicCompression,AVAILABLE,2026-06-12 10:59:52,0.71
LOW,1.78,0.06,161,29924.5,True,149,29823.25,12,BREACH,2026-06-12 13:29:31,2026-06-12 12:29:31,False,2026-06-12:139-145:DynamicCompression,AVAILABLE,2026-06-12 11:29:31,1.99
LOW,-0.6,0.9,723,30902.5,False,722,30922.0,1,BREACH,2026-06-16 14:19:58,2026-06-16 13:19:58,False,2026-06-16:714-720:DynamicCompression,AVAILABLE,2026-06-16 12:19:58,0.03
LOW,-1.88,2.68,725,30861.5,False,722,30922.0,3,BREACH,2026-06-16 14:29:59,2026-06-16 13:29:59,False,2026-06-16:714-720:DynamicCompression,AVAILABLE,2026-06-16 12:29:59,0.03
LOW,-2.81,3.04,728,30831.5,False,722,30922.0,6,BREACH,2026-06-16 14:44:58,2026-06-16 13:44:58,False,2026-06-16:714-720:DynamicCompression,AVAILABLE,2026-06-16 12:44:58,0.03
LOW,-3.16,4.25,734,30820.0,False,722,30922.0,12,BREACH,2026-06-16 15:14:59,2026-06-16 14:14:59,False,2026-06-16:714-720:DynamicCompression,AVAILABLE,2026-06-16 13:14:59,0.03
LOW,-1.71,1.78,724,30847.5,False,723,30902.5,1,BREACH,2026-06-16 14:24:59,2026-06-16 13:24:59,False,2026-06-16:714-720:DynamicCompression,AVAILABLE,2026-06-16 12:24:59,0.05
LOW,-1.28,2.19,726,30861.25,False,723,30902.5,3,BREACH,2026-06-16 14:34:59,2026-06-16 13:34:59,False,2026-06-16:714-720:DynamicCompression,AVAILABLE,2026-06-16 12:34:59,0.05
LOW,-2.31,2.69,729,30828.0,False,723,30902.5,6,BREACH,2026-06-16 14:49:59,2026-06-16 13:49:59,False,2026-06-16:714-720:DynamicCompression,AVAILABLE,2026-06-16 12:49:59,0.05
LOW,-2.12,3.64,735,30834.25,False,723,30902.5,12,BREACH,2026-06-16 15:19:59,2026-06-16 14:19:59,False,2026-06-16:714-720:DynamicCompression,AVAILABLE,2026-06-16 13:19:59,0.05
LOW,-0.52,0.86,970,30462.25,False,969,30483.75,1,BREACH,2026-06-17 11:54:59,2026-06-17 10:54:59,False,2026-06-17:962-968:DynamicCompression,AVAILABLE,2026-06-17 09:54:59,0.0
LOW,-1.14,1.33,972,30436.75,False,969,30483.75,3,BREACH,2026-06-17 12:04:54,2026-06-17 11:04:54,False,2026-06-17:962-968:DynamicCompression,AVAILABLE,2026-06-17 10:04:54,0.0
LOW,-1.11,1.58,975,30438.0,False,969,30483.75,6,BREACH,2026-06-17 12:19:59,2026-06-17 11:19:59,False,2026-06-17:962-968:DynamicCompression,AVAILABLE,2026-06-17 10:19:59,0.0
LOW,-0.05,1.58,981,30481.5,False,969,30483.75,12,BREACH,2026-06-17 12:49:59,2026-06-17 11:49:59,False,2026-06-17:962-968:DynamicCompression,AVAILABLE,2026-06-17 10:49:59,0.1
LOW,0.02,0.35,971,30463.0,False,970,30462.25,1,BREACH,2026-06-17 11:59:58,2026-06-17 10:59:58,False,2026-06-17:962-968:DynamicCompression,AVAILABLE,2026-06-17 09:59:58,0.11
LOW,-0.38,1.06,973,30446.5,False,970,30462.25,3,BREACH,2026-06-17 12:09:59,2026-06-17 11:09:59,False,2026-06-17:962-968:DynamicCompression,AVAILABLE,2026-06-17 10:09:59,0.11
LOW,0.29,1.06,976,30474.25,False,970,30462.25,6,BREACH,2026-06-17 12:24:57,2026-06-17 11:24:57,False,2026-06-17:962-968:DynamicCompression,AVAILABLE,2026-06-17 10:24:57,0.42
LOW,0.29,1.06,982,30474.25,False,970,30462.25,12,BREACH,2026-06-17 12:54:56,2026-06-17 11:54:56,True,2026-06-17:962-968:DynamicCompression,AVAILABLE,2026-06-17 10:54:56,0.9
LOW,-0.64,0.83,972,30436.75,False,971,30463.0,1,BREACH,2026-06-17 12:04:54,2026-06-17 11:04:54,False,2026-06-17:962-968:DynamicCompression,AVAILABLE,2026-06-17 10:04:54,0.03
LOW,-0.29,1.08,974,30451.0,False,971,30463.0,3,BREACH,2026-06-17 12:14:58,2026-06-17 11:14:58,False,2026-06-17:962-968:DynamicCompression,AVAILABLE,2026-06-17 10:14:58,0.03
LOW,0.01,1.08,977,30463.5,False,971,30463.0,6,BREACH,2026-06-17 12:29:55,2026-06-17 11:29:55,False,2026-06-17:962-968:DynamicCompression,AVAILABLE,2026-06-17 10:29:55,0.41
LOW,-0.08,1.08,983,30459.75,False,971,30463.0,12,BREACH,2026-06-17 12:59:56,2026-06-17 11:59:56,True,2026-06-17:962-968:DynamicCompression,AVAILABLE,2026-06-17 10:59:56,0.88
HIGH,0.27,0.6,1509,30658.0,False,1508,30649.0,1,BREACH,2026-06-19 10:49:58,2026-06-19 09:49:58,True,2026-06-19:1501-1507:DynamicCompression,AVAILABLE,2026-06-19 08:49:58,0.28
HIGH,0.01,0.6,1511,30649.25,True,1508,30649.0,3,BREACH,2026-06-19 10:59:39,2026-06-19 09:59:39,True,2026-06-19:1501-1507:DynamicCompression,AVAILABLE,2026-06-19 08:59:39,0.34
HIGH,-0.76,0.82,1514,30624.25,True,1508,30649.0,6,BREACH,2026-06-19 11:14:57,2026-06-19 10:14:57,True,2026-06-19:1501-1507:DynamicCompression,AVAILABLE,2026-06-19 09:14:57,0.52
HIGH,-0.68,1.18,1520,30626.75,True,1508,30649.0,12,BREACH,2026-06-19 11:44:57,2026-06-19 10:44:57,True,2026-06-19:1501-1507:DynamicCompression,AVAILABLE,2026-06-19 09:44:57,0.52
HIGH,-0.33,0.38,1510,30647.25,True,1509,30658.0,1,BREACH,2026-06-19 10:54:51,2026-06-19 09:54:51,False,2026-06-19:1501-1507:DynamicCompression,AVAILABLE,2026-06-19 08:54:51,0.06
HIGH,-0.62,0.62,1512,30637.75,True,1509,30658.0,3,BREACH,2026-06-19 11:04:58,2026-06-19 10:04:58,True,2026-06-19:1501-1507:DynamicCompression,AVAILABLE,2026-06-19 09:04:58,0.24
HIGH,-0.71,1.1,1515,30634.75,True,1509,30658.0,6,BREACH,2026-06-19 11:19:55,2026-06-19 10:19:55,True,2026-06-19:1501-1507:DynamicCompression,AVAILABLE,2026-06-19 09:19:55,0.24
HIGH,-1.09,1.46,1521,30622.25,True,1509,30658.0,12,BREACH,2026-06-19 11:49:53,2026-06-19 10:49:53,True,2026-06-19:1501-1507:DynamicCompression,AVAILABLE,2026-06-19 09:49:53,0.24
HIGH,0.06,0.07,1511,30649.25,True,1510,30647.25,1,BREACH,2026-06-19 10:59:39,2026-06-19 09:59:39,False,2026-06-19:1501-1507:DynamicCompression,AVAILABLE,2026-06-19 08:59:39,0.22
HIGH,-0.56,0.63,1513,30628.75,True,1510,30647.25,3,BREACH,2026-06-19 11:09:51,2026-06-19 10:09:51,True,2026-06-19:1501-1507:DynamicCompression,AVAILABLE,2026-06-19 09:09:51,0.57
HIGH,-0.84,1.13,1516,30619.75,True,1510,30647.25,6,BREACH,2026-06-19 11:24:58,2026-06-19 10:24:58,True,2026-06-19:1501-1507:DynamicCompression,AVAILABLE,2026-06-19 09:24:58,0.57
HIGH,-0.36,1.13,1522,30635.5,True,1510,30647.25,12,BREACH,2026-06-19 11:54:56,2026-06-19 10:54:56,True,2026-06-19:1501-1507:DynamicCompression,AVAILABLE,2026-06-19 09:54:56,0.57
HIGH,-0.35,0.35,1512,30637.75,True,1511,30649.25,1,BREACH,2026-06-19 11:04:58,2026-06-19 10:04:58,True,2026-06-19:1501-1507:DynamicCompression,AVAILABLE,2026-06-19 09:04:58,0.51
HIGH,-0.76,0.83,1514,30624.25,True,1511,30649.25,3,BREACH,2026-06-19 11:14:57,2026-06-19 10:14:57,True,2026-06-19:1501-1507:DynamicCompression,AVAILABLE,2026-06-19 09:14:57,0.51
HIGH,-1.03,1.19,1517,30615.5,False,1511,30649.25,6,BREACH,2026-06-19 11:29:50,2026-06-19 10:29:50,True,2026-06-19:1501-1507:DynamicCompression,AVAILABLE,2026-06-19 09:29:50,0.51
HIGH,-0.71,1.19,1523,30626.0,True,1511,30649.25,12,BREACH,2026-06-19 11:59:47,2026-06-19 10:59:47,True,2026-06-19:1501-1507:DynamicCompression,AVAILABLE,2026-06-19 09:59:47,0.51
HIGH,-0.27,0.34,1513,30628.75,True,1512,30637.75,1,BREACH,2026-06-19 11:09:51,2026-06-19 10:09:51,True,2026-06-19:1501-1507:DynamicCompression,AVAILABLE,2026-06-19 09:09:51,0.18
HIGH,-0.09,0.48,1515,30634.75,True,1512,30637.75,3,BREACH,2026-06-19 11:19:55,2026-06-19 10:19:55,True,2026-06-19:1501-1507:DynamicCompression,AVAILABLE,2026-06-19 09:19:55,0.18
HIGH,-0.08,0.84,1518,30635.0,True,1512,30637.75,6,BREACH,2026-06-19 11:34:52,2026-06-19 10:34:52,True,2026-06-19:1501-1507:DynamicCompression,AVAILABLE,2026-06-19 09:34:52,0.18
HIGH,-0.71,0.84,1524,30614.5,False,1512,30637.75,12,BREACH,2026-06-19 12:04:57,2026-06-19 11:04:57,True,2026-06-19:1501-1507:DynamicCompression,AVAILABLE,2026-06-19 10:04:57,0.28
LOW,-0.13,0.19,1517,30615.5,False,1516,30619.75,1,BREACH,2026-06-19 11:29:50,2026-06-19 10:29:50,False,2026-06-19:1501-1507:DynamicCompression,AVAILABLE,2026-06-19 09:29:50,0.14
LOW,0.56,0.19,1519,30638.0,True,1516,30619.75,3,BREACH,2026-06-19 11:39:56,2026-06-19 10:39:56,True,2026-06-19:1501-1507:DynamicCompression,AVAILABLE,2026-06-19 09:39:56,0.7
LOW,0.48,0.19,1522,30635.5,True,1516,30619.75,6,BREACH,2026-06-19 11:54:56,2026-06-19 10:54:56,True,2026-06-19:1501-1507:DynamicCompression,AVAILABLE,2026-06-19 09:54:56,0.83
LOW,-1.14,1.21,1528,30582.5,False,1516,30619.75,12,BREACH,2026-06-19 12:24:58,2026-06-19 11:24:58,True,2026-06-19:1501-1507:DynamicCompression,AVAILABLE,2026-06-19 10:24:58,0.83
LOW,0.6,0.05,1518,30635.0,True,1517,30615.5,1,BREACH,2026-06-19 11:34:52,2026-06-19 10:34:52,False,2026-06-19:1501-1507:DynamicCompression,AVAILABLE,2026-06-19 09:34:52,0.6
LOW,0.34,0.05,1520,30626.75,True,1517,30615.5,3,BREACH,2026-06-19 11:44:57,2026-06-19 10:44:57,True,2026-06-19:1501-1507:DynamicCompression,AVAILABLE,2026-06-19 09:44:57,0.91
LOW,0.32,0.05,1523,30626.0,True,1517,30615.5,6,BREACH,2026-06-19 11:59:47,2026-06-19 10:59:47,True,2026-06-19:1501-1507:DynamicCompression,AVAILABLE,2026-06-19 09:59:47,0.96
LOW,-1.15,1.44,1529,30578.0,False,1517,30615.5,12,BREACH,2026-06-19 12:29:56,2026-06-19 11:29:56,True,2026-06-19:1501-1507:DynamicCompression,AVAILABLE,2026-06-19 10:29:56,0.96
LOW,0.09,0.11,1519,30638.0,True,1518,30635.0,1,BREACH,2026-06-19 11:39:56,2026-06-19 10:39:56,True,2026-06-19:1501-1507:DynamicCompression,AVAILABLE,2026-06-19 09:39:56,0.24
LOW,-0.39,0.47,1521,30622.25,True,1518,30635.0,3,BREACH,2026-06-19 11:49:53,2026-06-19 10:49:53,True,2026-06-19:1501-1507:DynamicCompression,AVAILABLE,2026-06-19 09:49:53,0.31
LOW,-0.63,0.72,1524,30614.5,False,1518,30635.0,6,BREACH,2026-06-19 12:04:57,2026-06-19 11:04:57,True,2026-06-19:1501-1507:DynamicCompression,AVAILABLE,2026-06-19 10:04:57,0.37
LOW,-2.11,2.47,1530,30566.0,False,1518,30635.0,12,BREACH,2026-06-19 12:34:59,2026-06-19 11:34:59,True,2026-06-19:1501-1507:DynamicCompression,AVAILABLE,2026-06-19 10:34:59,0.37
LOW,0.15,0.51,1525,30619.5,True,1524,30614.5,1,BREACH,2026-06-19 12:09:58,2026-06-19 11:09:58,False,2026-06-19:1501-1507:DynamicCompression,AVAILABLE,2026-06-19 10:09:58,0.28
LOW,-0.19,0.51,1527,30608.25,False,1524,30614.5,3,BREACH,2026-06-19 12:19:57,2026-06-19 11:19:57,False,2026-06-19:1501-1507:DynamicCompression,AVAILABLE,2026-06-19 10:19:57,0.38
LOW,-1.48,1.85,1530,30566.0,False,1524,30614.5,6,BREACH,2026-06-19 12:34:59,2026-06-19 11:34:59,False,2026-06-19:1501-1507:DynamicCompression,AVAILABLE,2026-06-19 10:34:59,0.38
LOW,-1.31,2.31,1536,30571.5,False,1524,30614.5,12,BREACH,2026-06-19 13:04:57,2026-06-19 12:04:57,False,2026-06-19:1501-1507:DynamicCompression,AVAILABLE,2026-06-19 11:04:57,0.38
LOW,-0.18,0.18,1526,30613.75,False,1525,30619.5,1,BREACH,2026-06-19 12:14:55,2026-06-19 11:14:55,False,2026-06-19:1501-1507:DynamicCompression,AVAILABLE,2026-06-19 10:14:55,0.23
LOW,-1.13,1.2,1528,30582.5,False,1525,30619.5,3,BREACH,2026-06-19 12:24:58,2026-06-19 11:24:58,False,2026-06-19:1501-1507:DynamicCompression,AVAILABLE,2026-06-19 10:24:58,0.23
LOW,-2.22,2.46,1531,30546.75,False,1525,30619.5,6,BREACH,2026-06-19 12:39:59,2026-06-19 11:39:59,False,2026-06-19:1501-1507:DynamicCompression,AVAILABLE,2026-06-19 10:39:59,0.23
LOW,-1.91,2.56,1537,30557.0,False,1525,30619.5,12,BREACH,2026-06-19 13:09:59,2026-06-19 12:09:59,False,2026-06-19:1501-1507:DynamicCompression,AVAILABLE,2026-06-19 11:09:59,0.23
LOW,-0.17,0.35,1527,30608.25,False,1526,30613.75,1,BREACH,2026-06-19 12:19:57,2026-06-19 11:19:57,False,2026-06-19:1501-1507:DynamicCompression,AVAILABLE,2026-06-19 10:19:57,0.1
LOW,-1.09,1.39,1529,30578.0,False,1526,30613.75,3,BREACH,2026-06-19 12:29:56,2026-06-19 11:29:56,False,2026-06-19:1501-1507:DynamicCompression,AVAILABLE,2026-06-19 10:29:56,0.1
LOW,-1.5,2.28,1532,30564.5,False,1526,30613.75,6,BREACH,2026-06-19 12:44:59,2026-06-19 11:44:59,False,2026-06-19:1501-1507:DynamicCompression,AVAILABLE,2026-06-19 10:44:59,0.1
LOW,-1.63,2.38,1538,30560.25,False,1526,30613.75,12,BREACH,2026-06-19 13:14:59,2026-06-19 12:14:59,False,2026-06-19:1501-1507:DynamicCompression,AVAILABLE,2026-06-19 11:14:59,0.1
LOW,-0.79,0.85,1528,30582.5,False,1527,30608.25,1,BREACH,2026-06-19 12:24:58,2026-06-19 11:24:58,False,2026-06-19:1501-1507:DynamicCompression,AVAILABLE,2026-06-19 10:24:58,0.07
LOW,-1.29,1.66,1530,30566.0,False,1527,30608.25,3,BREACH,2026-06-19 12:34:59,2026-06-19 11:34:59,False,2026-06-19:1501-1507:DynamicCompression,AVAILABLE,2026-06-19 10:34:59,0.07
LOW,-1.17,2.11,1533,30570.0,False,1527,30608.25,6,BREACH,2026-06-19 12:49:58,2026-06-19 11:49:58,False,2026-06-19:1501-1507:DynamicCompression,AVAILABLE,2026-06-19 10:49:58,0.07
LOW,-1.05,2.21,1539,30574.0,False,1527,30608.25,12,BREACH,2026-06-19 13:19:58,2026-06-19 12:19:58,False,2026-06-19:1501-1507:DynamicCompression,AVAILABLE,2026-06-19 11:19:58,0.07
HIGH,0.12,0.07,1543,30585.75,False,1542,30580.25,1,BREACH,2026-06-19 13:39:59,2026-06-19 12:39:59,False,2026-06-19:1535-1541:DynamicCompression,AVAILABLE,2026-06-19 11:39:59,0.17
HIGH,0.16,0.07,1545,30587.75,False,1542,30580.25,3,BREACH,2026-06-19 13:49:55,2026-06-19 12:49:55,False,2026-06-19:1535-1541:DynamicCompression,AVAILABLE,2026-06-19 11:49:55,0.47
HIGH,0.21,0.3,1548,30590.0,False,1542,30580.25,6,BREACH,2026-06-19 14:04:50,2026-06-19 13:04:50,False,2026-06-19:1535-1541:DynamicCompression,AVAILABLE,2026-06-19 12:04:50,0.47
HIGH,-0.54,0.66,1554,30555.75,True,1542,30580.25,12,BREACH,2026-06-19 14:34:52,2026-06-19 13:34:52,True,2026-06-19:1535-1541:DynamicCompression,AVAILABLE,2026-06-19 12:34:52,0.47
HIGH,0.17,0.0,1544,30593.5,False,1543,30585.75,1,BREACH,2026-06-19 13:44:57,2026-06-19 12:44:57,False,2026-06-19:1535-1541:DynamicCompression,AVAILABLE,2026-06-19 11:44:57,0.35
HIGH,-0.2,0.26,1546,30576.75,True,1543,30585.75,3,BREACH,2026-06-19 13:54:54,2026-06-19 12:54:54,False,2026-06-19:1535-1541:DynamicCompression,AVAILABLE,2026-06-19 11:54:54,0.35
HIGH,-0.05,0.42,1549,30583.5,False,1543,30585.75,6,BREACH,2026-06-19 14:09:58,2026-06-19 13:09:58,False,2026-06-19:1535-1541:DynamicCompression,AVAILABLE,2026-06-19 12:09:58,0.35
HIGH,-0.78,1.32,1555,30550.0,True,1543,30585.75,12,BREACH,2026-06-19 14:39:59,2026-06-19 13:39:59,True,2026-06-19:1535-1541:DynamicCompression,AVAILABLE,2026-06-19 12:39:59,0.35
HIGH,-0.13,0.24,1545,30587.75,False,1544,30593.5,1,BREACH,2026-06-19 13:49:55,2026-06-19 12:49:55,False,2026-06-19:1535-1541:DynamicCompression,AVAILABLE,2026-06-19 11:49:55,0.04
HIGH,-0.04,0.59,1547,30591.75,False,1544,30593.5,3,BREACH,2026-06-19 13:59:57,2026-06-19 12:59:57,False,2026-06-19:1535-1541:DynamicCompression,AVAILABLE,2026-06-19 11:59:57,0.05
HIGH,-0.46,0.59,1550,30572.25,True,1544,30593.5,6,BREACH,2026-06-19 14:14:59,2026-06-19 13:14:59,False,2026-06-19:1535-1541:DynamicCompression,AVAILABLE,2026-06-19 12:14:59,0.05
HIGH,-0.77,1.49,1556,30558.5,True,1544,30593.5,12,BREACH,2026-06-19 14:44:57,2026-06-19 13:44:57,True,2026-06-19:1535-1541:DynamicCompression,AVAILABLE,2026-06-19 12:44:57,0.05
HIGH,0.01,0.11,1584,30692.0,True,1583,30691.5,1,BREACH,2026-06-19 17:04:59,2026-06-19 16:04:59,False,2026-06-19:1564-1577:DynamicCompression,AVAILABLE,2026-06-19 15:04:59,0.08
HIGH,0.04,0.11,1586,30694.25,True,1583,30691.5,3,BREACH,2026-06-19 17:14:59,2026-06-19 16:14:59,False,2026-06-19:1564-1577:DynamicCompression,AVAILABLE,2026-06-19 15:14:59,0.2
HIGH,0.09,0.17,1589,30697.5,False,1583,30691.5,6,BREACH,2026-06-19 17:29:59,2026-06-19 16:29:59,False,2026-06-19:1564-1577:DynamicCompression,AVAILABLE,2026-06-19 15:29:59,0.2
HIGH,-0.11,0.58,1595,30684.0,True,1583,30691.5,12,BREACH,2026-06-19 17:59:58,2026-06-19 16:59:58,True,2026-06-19:1564-1577:DynamicCompression,AVAILABLE,2026-06-19 15:59:58,0.2
HIGH,0.13,0.09,1585,30700.75,False,1584,30692.0,1,BREACH,2026-06-19 17:09:58,2026-06-19 16:09:58,False,2026-06-19:1564-1577:DynamicCompression,AVAILABLE,2026-06-19 15:09:58,0.2
HIGH,-0.11,0.18,1587,30684.75,True,1584,30692.0,3,BREACH,2026-06-19 17:19:59,2026-06-19 16:19:59,False,2026-06-19:1564-1577:DynamicCompression,AVAILABLE,2026-06-19 15:19:59,0.2
HIGH,-0.31,0.35,1590,30671.5,True,1584,30692.0,6,BREACH,2026-06-19 17:34:59,2026-06-19 16:34:59,True,2026-06-19:1564-1577:DynamicCompression,AVAILABLE,2026-06-19 15:34:59,0.2
HIGH,-0.22,0.59,1596,30677.5,True,1584,30692.0,12,BREACH,2026-06-19 18:04:59,2026-06-19 17:04:59,True,2026-06-19:1564-1577:DynamicCompression,AVAILABLE,2026-06-19 16:04:59,0.2
HIGH,-0.13,0.25,2043,29836.5,True,2042,29848.0,1,BREACH,2026-06-23 13:19:56,2026-06-23 12:19:56,False,2026-06-23:2035-2041:DynamicCompression,AVAILABLE,2026-06-23 11:19:56,0.0
HIGH,-0.38,0.47,2045,29814.0,True,2042,29848.0,3,BREACH,2026-06-23 13:29:59,2026-06-23 12:29:59,False,2026-06-23:2035-2041:DynamicCompression,AVAILABLE,2026-06-23 11:29:59,0.23
HIGH,0.22,0.52,2048,29867.75,False,2042,29848.0,6,BREACH,2026-06-23 13:44:58,2026-06-23 12:44:58,False,2026-06-23:2035-2041:DynamicCompression,AVAILABLE,2026-06-23 11:44:58,0.27
HIGH,-0.3,0.52,2054,29821.0,True,2042,29848.0,12,BREACH,2026-06-23 14:14:59,2026-06-23 13:14:59,False,2026-06-23:2035-2041:DynamicCompression,AVAILABLE,2026-06-23 12:14:59,0.58
HIGH,0.06,0.29,2044,29842.0,True,2043,29836.5,1,BREACH,2026-06-23 13:24:59,2026-06-23 12:24:59,False,2026-06-23:2035-2041:DynamicCompression,AVAILABLE,2026-06-23 11:24:59,0.36
HIGH,-0.1,0.39,2046,29827.75,True,2043,29836.5,3,BREACH,2026-06-23 13:34:58,2026-06-23 12:34:58,False,2026-06-23:2035-2041:DynamicCompression,AVAILABLE,2026-06-23 11:34:58,0.36
HIGH,0.33,0.39,2049,29866.0,False,2043,29836.5,6,BREACH,2026-06-23 13:49:59,2026-06-23 12:49:59,False,2026-06-23:2035-2041:DynamicCompression,AVAILABLE,2026-06-23 11:49:59,0.5
HIGH,-0.36,0.53,2055,29804.0,True,2043,29836.5,12,BREACH,2026-06-23 14:19:59,2026-06-23 13:19:59,True,2026-06-23:2035-2041:DynamicCompression,AVAILABLE,2026-06-23 12:19:59,0.71
HIGH,-0.31,0.4,2045,29814.0,True,2044,29842.0,1,BREACH,2026-06-23 13:29:59,2026-06-23 12:29:59,False,2026-06-23:2035-2041:DynamicCompression,AVAILABLE,2026-06-23 11:29:59,0.04
HIGH,0.11,0.45,2047,29852.25,False,2044,29842.0,3,BREACH,2026-06-23 13:39:59,2026-06-23 12:39:59,False,2026-06-23:2035-2041:DynamicCompression,AVAILABLE,2026-06-23 11:39:59,0.19
HIGH,0.44,0.45,2050,29882.0,False,2044,29842.0,6,BREACH,2026-06-23 13:54:59,2026-06-23 12:54:59,False,2026-06-23:2035-2041:DynamicCompression,AVAILABLE,2026-06-23 11:54:59,0.47
HIGH,-0.65,0.83,2056,29783.0,True,2044,29842.0,12,BREACH,2026-06-23 14:24:59,2026-06-23 13:24:59,True,2026-06-23:2035-2041:DynamicCompression,AVAILABLE,2026-06-23 12:24:59,0.65
HIGH,0.15,0.14,2046,29827.75,True,2045,29814.0,1,BREACH,2026-06-23 13:34:58,2026-06-23 12:34:58,False,2026-06-23:2035-2041:DynamicCompression,AVAILABLE,2026-06-23 11:34:58,0.37
HIGH,0.6,0.14,2048,29867.75,False,2045,29814.0,3,BREACH,2026-06-23 13:44:58,2026-06-23 12:44:58,False,2026-06-23:2035-2041:DynamicCompression,AVAILABLE,2026-06-23 11:44:58,0.65
HIGH,0.66,0.14,2051,29873.25,False,2045,29814.0,6,BREACH,2026-06-23 13:59:58,2026-06-23 12:59:58,False,2026-06-23:2035-2041:DynamicCompression,AVAILABLE,2026-06-23 11:59:58,0.78
HIGH,-0.43,0.78,2057,29775.5,True,2045,29814.0,12,BREACH,2026-06-23 14:29:59,2026-06-23 13:29:59,True,2026-06-23:2035-2041:DynamicCompression,AVAILABLE,2026-06-23 12:29:59,0.96
HIGH,0.27,0.16,2047,29852.25,False,2046,29827.75,1,BREACH,2026-06-23 13:39:59,2026-06-23 12:39:59,False,2026-06-23:2035-2041:DynamicCompression,AVAILABLE,2026-06-23 11:39:59,0.34
HIGH,0.42,0.16,2049,29866.0,False,2046,29827.75,3,BREACH,2026-06-23 13:49:59,2026-06-23 12:49:59,False,2026-06-23:2035-2041:DynamicCompression,AVAILABLE,2026-06-23 11:49:59,0.6
HIGH,0.56,0.16,2052,29878.5,False,2046,29827.75,6,BREACH,2026-06-23 14:04:59,2026-06-23 13:04:59,False,2026-06-23:2035-2041:DynamicCompression,AVAILABLE,2026-06-23 12:04:59,0.81
HIGH,-1.29,1.3,2058,29711.5,False,2046,29827.75,12,BREACH,2026-06-23 14:34:59,2026-06-23 13:34:59,True,2026-06-23:2035-2041:DynamicCompression,AVAILABLE,2026-06-23 12:34:59,0.81
HIGH,0.17,0.03,2048,29867.75,False,2047,29852.25,1,BREACH,2026-06-23 13:44:58,2026-06-23 12:44:58,False,2026-06-23:2035-2041:DynamicCompression,AVAILABLE,2026-06-23 11:44:58,0.23
HIGH,0.33,0.04,2050,29882.0,False,2047,29852.25,3,BREACH,2026-06-23 13:54:59,2026-06-23 12:54:59,False,2026-06-23:2035-2041:DynamicCompression,AVAILABLE,2026-06-23 11:54:59,0.35
HIGH,0.07,0.04,2053,29858.25,False,2047,29852.25,6,BREACH,2026-06-23 14:09:59,2026-06-23 13:09:59,False,2026-06-23:2035-2041:DynamicCompression,AVAILABLE,2026-06-23 12:09:59,0.54
HIGH,-1.25,1.61,2059,29739.0,False,2047,29852.25,12,BREACH,2026-06-23 14:39:58,2026-06-23 13:39:58,True,2026-06-23:2035-2041:DynamicCompression,AVAILABLE,2026-06-23 12:39:58,0.54
HIGH,-0.02,0.22,2049,29866.0,False,2048,29867.75,1,BREACH,2026-06-23 13:49:59,2026-06-23 12:49:59,False,2026-06-23:2035-2041:DynamicCompression,AVAILABLE,2026-06-23 11:49:59,0.16
HIGH,0.06,0.22,2051,29873.25,False,2048,29867.75,3,BREACH,2026-06-23 13:59:58,2026-06-23 12:59:58,False,2026-06-23:2035-2041:DynamicCompression,AVAILABLE,2026-06-23 11:59:58,0.18
HIGH,-0.52,0.6,2054,29821.0,True,2048,29867.75,6,BREACH,2026-06-23 14:14:59,2026-06-23 13:14:59,False,2026-06-23:2035-2041:DynamicCompression,AVAILABLE,2026-06-23 12:14:59,0.37
HIGH,-1.42,1.79,2060,29740.0,False,2048,29867.75,12,BREACH,2026-06-23 14:44:59,2026-06-23 13:44:59,True,2026-06-23:2035-2041:DynamicCompression,AVAILABLE,2026-06-23 12:44:59,0.37
LOW,0.59,1.23,2070,29768.25,True,2069,29718.75,1,BREACH,2026-06-23 15:34:59,2026-06-23 14:34:59,True,2026-06-23:2059-2067:DynamicCompression,AVAILABLE,2026-06-23 13:34:59,0.65
LOW,0.37,1.23,2072,29749.25,True,2069,29718.75,3,BREACH,2026-06-23 15:44:59,2026-06-23 14:44:59,True,2026-06-23:2059-2067:DynamicCompression,AVAILABLE,2026-06-23 13:44:59,1.05
LOW,2.49,1.23,2075,29926.0,False,2069,29718.75,6,BREACH,2026-06-23 15:59:59,2026-06-23 14:59:59,True,2026-06-23:2059-2067:DynamicCompression,AVAILABLE,2026-06-23 13:59:59,2.59
LOW,3.18,1.23,2081,29983.5,False,2069,29718.75,12,BREACH,2026-06-23 16:29:59,2026-06-23 15:29:59,True,2026-06-23:2059-2067:DynamicCompression,AVAILABLE,2026-06-23 14:29:59,3.94
LOW,0.15,1.17,2071,29780.75,False,2070,29768.25,1,BREACH,2026-06-23 15:39:59,2026-06-23 14:39:59,True,2026-06-23:2059-2067:DynamicCompression,AVAILABLE,2026-06-23 13:39:59,0.35
LOW,0.6,1.17,2073,29818.25,False,2070,29768.25,3,BREACH,2026-06-23 15:49:59,2026-06-23 14:49:59,True,2026-06-23:2059-2067:DynamicCompression,AVAILABLE,2026-06-23 13:49:59,1.07
LOW,2.62,1.17,2076,29986.5,False,2070,29768.25,6,BREACH,2026-06-23 16:04:59,2026-06-23 15:04:59,True,2026-06-23:2059-2067:DynamicCompression,AVAILABLE,2026-06-23 14:04:59,2.83
LOW,2.06,1.17,2082,29939.5,False,2070,29768.25,12,BREACH,2026-06-23 16:34:59,2026-06-23 15:34:59,True,2026-06-23:2059-2067:DynamicCompression,AVAILABLE,2026-06-23 14:34:59,3.35
HIGH,-0.38,0.51,2072,29749.25,True,2071,29780.75,1,BREACH,2026-06-23 15:44:59,2026-06-23 14:44:59,False,2026-06-23:2059-2067:DynamicCompression,AVAILABLE,2026-06-23 13:44:59,0.3
HIGH,1.15,0.68,2074,29876.75,False,2071,29780.75,3,BREACH,2026-06-23 15:54:59,2026-06-23 14:54:59,False,2026-06-23:2059-2067:DynamicCompression,AVAILABLE,2026-06-23 13:54:59,1.61
HIGH,2.34,0.68,2077,29975.25,False,2071,29780.75,6,BREACH,2026-06-23 16:09:59,2026-06-23 15:09:59,False,2026-06-23:2059-2067:DynamicCompression,AVAILABLE,2026-06-23 14:09:59,2.68
HIGH,1.45,0.68,2083,29901.5,False,2071,29780.75,12,BREACH,2026-06-23 16:39:59,2026-06-23 15:39:59,False,2026-06-23:2059-2067:DynamicCompression,AVAILABLE,2026-06-23 14:39:59,3.2
LOW,-0.38,0.51,2072,29749.25,True,2071,29780.75,1,BREACH,2026-06-23 15:44:59,2026-06-23 14:44:59,False,2026-06-23:2059-2067:DynamicCompression,AVAILABLE,2026-06-23 13:44:59,0.3
LOW,1.15,0.68,2074,29876.75,False,2071,29780.75,3,BREACH,2026-06-23 15:54:59,2026-06-23 14:54:59,False,2026-06-23:2059-2067:DynamicCompression,AVAILABLE,2026-06-23 13:54:59,1.61
LOW,2.34,0.68,2077,29975.25,False,2071,29780.75,6,BREACH,2026-06-23 16:09:59,2026-06-23 15:09:59,False,2026-06-23:2059-2067:DynamicCompression,AVAILABLE,2026-06-23 14:09:59,2.68
LOW,1.45,0.68,2083,29901.5,False,2071,29780.75,12,BREACH,2026-06-23 16:39:59,2026-06-23 15:39:59,False,2026-06-23:2059-2067:DynamicCompression,AVAILABLE,2026-06-23 14:39:59,3.2
HIGH,0.83,0.3,2073,29818.25,False,2072,29749.25,1,BREACH,2026-06-23 15:49:59,2026-06-23 14:49:59,False,2026-06-23:2059-2067:DynamicCompression,AVAILABLE,2026-06-23 13:49:59,1.29
HIGH,2.12,0.3,2075,29926.0,False,2072,29749.25,3,BREACH,2026-06-23 15:59:59,2026-06-23 14:59:59,False,2026-06-23:2059-2067:DynamicCompression,AVAILABLE,2026-06-23 13:59:59,2.23
HIGH,3.03,0.3,2078,30001.5,False,2072,29749.25,6,BREACH,2026-06-23 16:14:59,2026-06-23 15:14:59,False,2026-06-23:2059-2067:DynamicCompression,AVAILABLE,2026-06-23 14:14:59,3.2
HIGH,1.62,0.3,2084,29884.0,False,2072,29749.25,12,BREACH,2026-06-23 16:44:59,2026-06-23 15:44:59,False,2026-06-23:2059-2067:DynamicCompression,AVAILABLE,2026-06-23 14:44:59,3.58
HIGH,0.7,0.02,2074,29876.75,False,2073,29818.25,1,BREACH,2026-06-23 15:54:59,2026-06-23 14:54:59,False,2026-06-23:2059-2067:DynamicCompression,AVAILABLE,2026-06-23 13:54:59,1.16
HIGH,2.02,0.02,2076,29986.5,False,2073,29818.25,3,BREACH,2026-06-23 16:04:59,2026-06-23 15:04:59,False,2026-06-23:2059-2067:DynamicCompression,AVAILABLE,2026-06-23 14:04:59,2.23
HIGH,2.32,0.02,2079,30011.25,False,2073,29818.25,6,BREACH,2026-06-23 16:19:59,2026-06-23 15:19:59,False,2026-06-23:2059-2067:DynamicCompression,AVAILABLE,2026-06-23 14:19:59,2.46
HIGH,0.6,0.02,2085,29868.5,False,2073,29818.25,12,BREACH,2026-06-23 16:49:59,2026-06-23 15:49:59,False,2026-06-23:2059-2067:DynamicCompression,AVAILABLE,2026-06-23 14:49:59,2.75
HIGH,0.59,0.39,2075,29926.0,False,2074,29876.75,1,BREACH,2026-06-23 15:59:59,2026-06-23 14:59:59,False,2026-06-23:2059-2067:DynamicCompression,AVAILABLE,2026-06-23 13:59:59,0.7
HIGH,1.18,0.39,2077,29975.25,False,2074,29876.75,3,BREACH,2026-06-23 16:09:59,2026-06-23 15:09:59,False,2026-06-23:2059-2067:DynamicCompression,AVAILABLE,2026-06-23 14:09:59,1.53
HIGH,1.38,0.39,2080,29991.5,False,2074,29876.75,6,BREACH,2026-06-23 16:24:59,2026-06-23 15:24:59,False,2026-06-23:2059-2067:DynamicCompression,AVAILABLE,2026-06-23 14:24:59,2.05
HIGH,-0.31,0.58,2086,29851.25,False,2074,29876.75,12,BREACH,2026-06-23 16:54:59,2026-06-23 15:54:59,False,2026-06-23:2059-2067:DynamicCompression,AVAILABLE,2026-06-23 14:54:59,2.05
LOW,-0.31,0.41,2299,29788.0,False,2298,29803.25,1,BREACH,2026-06-24 11:39:54,2026-06-24 10:39:54,False,2026-06-24:2289-2295:DynamicCompression,AVAILABLE,2026-06-24 09:39:54,0.06
LOW,-0.42,0.97,2301,29782.25,False,2298,29803.25,3,BREACH,2026-06-24 11:49:57,2026-06-24 10:49:57,False,2026-06-24:2289-2295:DynamicCompression,AVAILABLE,2026-06-24 09:49:57,0.06
LOW,-0.29,0.97,2304,29789.0,False,2298,29803.25,6,BREACH,2026-06-24 12:04:52,2026-06-24 11:04:52,False,2026-06-24:2289-2295:DynamicCompression,AVAILABLE,2026-06-24 10:04:52,0.2
LOW,0.47,0.97,2310,29826.75,True,2298,29803.25,12,BREACH,2026-06-24 12:34:57,2026-06-24 11:34:57,True,2026-06-24:2289-2295:DynamicCompression,AVAILABLE,2026-06-24 10:34:57,0.59
LOW,-0.45,0.45,2300,29765.75,False,2299,29788.0,1,BREACH,2026-06-24 11:44:58,2026-06-24 10:44:58,False,2026-06-24:2289-2295:DynamicCompression,AVAILABLE,2026-06-24 09:44:58,0.0
LOW,0.19,0.66,2302,29797.5,True,2299,29788.0,3,BREACH,2026-06-24 11:54:58,2026-06-24 10:54:58,False,2026-06-24:2289-2295:DynamicCompression,AVAILABLE,2026-06-24 09:54:58,0.45
LOW,0.18,0.66,2305,29797.0,True,2299,29788.0,6,BREACH,2026-06-24 12:09:59,2026-06-24 11:09:59,False,2026-06-24:2289-2295:DynamicCompression,AVAILABLE,2026-06-24 10:09:59,0.5
LOW,0.67,0.66,2311,29821.5,True,2299,29788.0,12,BREACH,2026-06-24 12:39:55,2026-06-24 11:39:55,True,2026-06-24:2289-2295:DynamicCompression,AVAILABLE,2026-06-24 10:39:55,0.94
LOW,0.33,0.22,2301,29782.25,False,2300,29765.75,1,BREACH,2026-06-24 11:49:57,2026-06-24 10:49:57,False,2026-06-24:2289-2295:DynamicCompression,AVAILABLE,2026-06-24 09:49:57,0.42
LOW,0.85,0.22,2303,29808.25,True,2300,29765.75,3,BREACH,2026-06-24 11:59:57,2026-06-24 10:59:57,False,2026-06-24:2289-2295:DynamicCompression,AVAILABLE,2026-06-24 09:59:57,0.95
LOW,0.87,0.22,2306,29809.0,True,2300,29765.75,6,BREACH,2026-06-24 12:14:56,2026-06-24 11:14:56,False,2026-06-24:2289-2295:DynamicCompression,AVAILABLE,2026-06-24 10:14:56,0.95
LOW,1.37,0.22,2312,29834.25,True,2300,29765.75,12,BREACH,2026-06-24 12:44:57,2026-06-24 11:44:57,True,2026-06-24:2289-2295:DynamicCompression,AVAILABLE,2026-06-24 10:44:57,1.71
HIGH,-0.11,0.12,2311,29821.5,False,2310,29826.75,1,BREACH,2026-06-24 12:39:55,2026-06-24 11:39:55,False,2026-06-24:2302-2308:DynamicCompression,AVAILABLE,2026-06-24 10:39:55,0.17
HIGH,-0.1,0.24,2313,29822.25,False,2310,29826.75,3,BREACH,2026-06-24 12:49:54,2026-06-24 11:49:54,False,2026-06-24:2302-2308:DynamicCompression,AVAILABLE,2026-06-24 10:49:54,0.51
HIGH,-0.32,0.79,2316,29811.5,True,2310,29826.75,6,BREACH,2026-06-24 13:04:59,2026-06-24 12:04:59,True,2026-06-24:2302-2308:DynamicCompression,AVAILABLE,2026-06-24 11:04:59,0.51
HIGH,-0.89,1.96,2322,29784.75,True,2310,29826.75,12,BREACH,2026-06-24 13:34:58,2026-06-24 12:34:58,True,2026-06-24:2302-2308:DynamicCompression,AVAILABLE,2026-06-24 11:34:58,0.51
HIGH,0.27,0.09,2312,29834.25,False,2311,29821.5,1,BREACH,2026-06-24 12:44:57,2026-06-24 11:44:57,False,2026-06-24:2302-2308:DynamicCompression,AVAILABLE,2026-06-24 10:44:57,0.62
HIGH,-0.39,0.49,2314,29803.0,True,2311,29821.5,3,BREACH,2026-06-24 12:54:59,2026-06-24 11:54:59,True,2026-06-24:2302-2308:DynamicCompression,AVAILABLE,2026-06-24 10:54:59,0.62
HIGH,-0.98,1.09,2317,29775.0,True,2311,29821.5,6,BREACH,2026-06-24 13:09:59,2026-06-24 12:09:59,True,2026-06-24:2302-2308:DynamicCompression,AVAILABLE,2026-06-24 11:09:59,0.62
HIGH,-0.22,1.85,2323,29811.25,True,2311,29821.5,12,BREACH,2026-06-24 13:39:59,2026-06-24 12:39:59,True,2026-06-24:2302-2308:DynamicCompression,AVAILABLE,2026-06-24 11:39:59,0.62
HIGH,-0.25,0.4,2313,29822.25,False,2312,29834.25,1,BREACH,2026-06-24 12:49:54,2026-06-24 11:49:54,False,2026-06-24:2302-2308:DynamicCompression,AVAILABLE,2026-06-24 10:49:54,0.04
HIGH,-0.84,0.95,2315,29794.75,True,2312,29834.25,3,BREACH,2026-06-24 12:59:59,2026-06-24 11:59:59,True,2026-06-24:2302-2308:DynamicCompression,AVAILABLE,2026-06-24 10:59:59,0.04
HIGH,-1.46,1.51,2318,29765.5,False,2312,29834.25,6,BREACH,2026-06-24 13:14:55,2026-06-24 12:14:55,True,2026-06-24:2302-2308:DynamicCompression,AVAILABLE,2026-06-24 11:14:55,0.04
HIGH,-0.44,2.12,2324,29813.25,True,2312,29834.25,12,BREACH,2026-06-24 13:44:55,2026-06-24 12:44:55,True,2026-06-24:2302-2308:DynamicCompression,AVAILABLE,2026-06-24 11:44:55,0.04
HIGH,-0.41,0.51,2314,29803.0,True,2313,29822.25,1,BREACH,2026-06-24 12:54:59,2026-06-24 11:54:59,True,2026-06-24:2302-2308:DynamicCompression,AVAILABLE,2026-06-24 10:54:59,0.01
HIGH,-0.23,0.69,2316,29811.5,True,2313,29822.25,3,BREACH,2026-06-24 13:04:59,2026-06-24 12:04:59,True,2026-06-24:2302-2308:DynamicCompression,AVAILABLE,2026-06-24 11:04:59,0.06
HIGH,-1.42,1.53,2319,29755.0,False,2313,29822.25,6,BREACH,2026-06-24 13:19:59,2026-06-24 12:19:59,True,2026-06-24:2302-2308:DynamicCompression,AVAILABLE,2026-06-24 11:19:59,0.06
HIGH,0.57,1.87,2325,29849.25,False,2313,29822.25,12,BREACH,2026-06-24 13:49:59,2026-06-24 12:49:59,True,2026-06-24:2302-2308:DynamicCompression,AVAILABLE,2026-06-24 11:49:59,0.72
HIGH,-0.17,0.29,2315,29794.75,True,2314,29803.0,1,BREACH,2026-06-24 12:59:59,2026-06-24 11:59:59,True,2026-06-24:2302-2308:DynamicCompression,AVAILABLE,2026-06-24 10:59:59,0.04
HIGH,-0.59,0.7,2317,29775.0,True,2314,29803.0,3,BREACH,2026-06-24 13:09:59,2026-06-24 12:09:59,True,2026-06-24:2302-2308:DynamicCompression,AVAILABLE,2026-06-24 11:09:59,0.47
HIGH,-0.8,1.46,2320,29765.0,False,2314,29803.0,6,BREACH,2026-06-24 13:24:59,2026-06-24 12:24:59,True,2026-06-24:2302-2308:DynamicCompression,AVAILABLE,2026-06-24 11:24:59,0.47
HIGH,1.14,1.46,2326,29857.0,False,2314,29803.0,12,BREACH,2026-06-24 13:54:58,2026-06-24 12:54:58,True,2026-06-24:2302-2308:DynamicCompression,AVAILABLE,2026-06-24 11:54:58,1.31
HIGH,-0.77,0.88,2317,29775.0,True,2316,29811.5,1,BREACH,2026-06-24 13:09:59,2026-06-24 12:09:59,True,2026-06-24:2302-2308:DynamicCompression,AVAILABLE,2026-06-24 11:09:59,0.04
HIGH,-1.2,1.3,2319,29755.0,False,2316,29811.5,3,BREACH,2026-06-24 13:19:59,2026-06-24 12:19:59,True,2026-06-24:2302-2308:DynamicCompression,AVAILABLE,2026-06-24 11:19:59,0.04
HIGH,-0.57,1.64,2322,29784.75,True,2316,29811.5,6,BREACH,2026-06-24 13:34:58,2026-06-24 12:34:58,True,2026-06-24:2302-2308:DynamicCompression,AVAILABLE,2026-06-24 11:34:58,0.04
HIGH,0.59,1.64,2328,29839.25,False,2316,29811.5,12,BREACH,2026-06-24 14:04:59,2026-06-24 13:04:59,True,2026-06-24:2302-2308:DynamicCompression,AVAILABLE,2026-06-24 12:04:59,1.13
LOW,-0.2,0.25,2318,29765.5,False,2317,29775.0,1,BREACH,2026-06-24 13:14:55,2026-06-24 12:14:55,False,2026-06-24:2302-2308:DynamicCompression,AVAILABLE,2026-06-24 11:14:55,0.25
LOW,-0.21,0.87,2320,29765.0,False,2317,29775.0,3,BREACH,2026-06-24 13:24:59,2026-06-24 12:24:59,False,2026-06-24:2302-2308:DynamicCompression,AVAILABLE,2026-06-24 11:24:59,0.25
LOW,0.77,0.87,2323,29811.25,True,2317,29775.0,6,BREACH,2026-06-24 13:39:59,2026-06-24 12:39:59,True,2026-06-24:2302-2308:DynamicCompression,AVAILABLE,2026-06-24 11:39:59,1.15
LOW,1.52,0.87,2329,29847.0,False,2317,29775.0,12,BREACH,2026-06-24 14:09:59,2026-06-24 13:09:59,True,2026-06-24:2302-2308:DynamicCompression,AVAILABLE,2026-06-24 12:09:59,1.9
LOW,-0.22,0.33,2319,29755.0,False,2318,29765.5,1,BREACH,2026-06-24 13:19:59,2026-06-24 12:19:59,False,2026-06-24:2302-2308:DynamicCompression,AVAILABLE,2026-06-24 11:19:59,0.19
LOW,-0.2,0.67,2321,29756.25,False,2318,29765.5,3,BREACH,2026-06-24 13:29:53,2026-06-24 12:29:53,False,2026-06-24:2302-2308:DynamicCompression,AVAILABLE,2026-06-24 11:29:53,0.19
LOW,1.01,0.67,2324,29813.25,True,2318,29765.5,6,BREACH,2026-06-24 13:44:55,2026-06-24 12:44:55,True,2026-06-24:2302-2308:DynamicCompression,AVAILABLE,2026-06-24 11:44:55,1.35
LOW,1.69,0.67,2330,29845.25,False,2318,29765.5,12,BREACH,2026-06-24 14:14:58,2026-06-24 13:14:58,True,2026-06-24:2302-2308:DynamicCompression,AVAILABLE,2026-06-24 12:14:58,2.11
LOW,0.21,0.44,2320,29765.0,False,2319,29755.0,1,BREACH,2026-06-24 13:24:59,2026-06-24 12:24:59,False,2026-06-24:2302-2308:DynamicCompression,AVAILABLE,2026-06-24 11:24:59,0.28
LOW,0.63,0.44,2322,29784.75,True,2319,29755.0,3,BREACH,2026-06-24 13:34:58,2026-06-24 12:34:58,False,2026-06-24:2302-2308:DynamicCompression,AVAILABLE,2026-06-24 11:34:58,0.77
LOW,1.99,0.44,2325,29849.25,False,2319,29755.0,6,BREACH,2026-06-24 13:49:59,2026-06-24 12:49:59,True,2026-06-24:2302-2308:DynamicCompression,AVAILABLE,2026-06-24 11:49:59,2.14
LOW,2.4,0.44,2331,29868.25,False,2319,29755.0,12,BREACH,2026-06-24 14:19:58,2026-06-24 13:19:58,True,2026-06-24:2302-2308:DynamicCompression,AVAILABLE,2026-06-24 12:19:58,2.45
HIGH,-0.52,0.73,2593,30164.0,True,2592,30187.5,1,BREACH,2026-06-25 13:09:59,2026-06-25 12:09:59,True,2026-06-25:2582-2589:DynamicCompression,AVAILABLE,2026-06-25 11:09:59,0.0
HIGH,-0.97,1.01,2595,30144.0,True,2592,30187.5,3,BREACH,2026-06-25 13:19:54,2026-06-25 12:19:54,True,2026-06-25:2582-2589:DynamicCompression,AVAILABLE,2026-06-25 11:19:54,0.0
HIGH,-1.66,1.97,2598,30113.0,False,2592,30187.5,6,BREACH,2026-06-25 13:34:59,2026-06-25 12:34:59,True,2026-06-25:2582-2589:DynamicCompression,AVAILABLE,2026-06-25 11:34:59,0.0
HIGH,-0.96,1.97,2604,30144.5,True,2592,30187.5,12,BREACH,2026-06-25 14:04:58,2026-06-25 13:04:58,True,2026-06-25:2582-2589:DynamicCompression,AVAILABLE,2026-06-25 12:04:58,0.0
HIGH,-0.24,0.28,2594,30153.0,True,2593,30164.0,1,BREACH,2026-06-25 13:14:58,2026-06-25 12:14:58,True,2026-06-25:2582-2589:DynamicCompression,AVAILABLE,2026-06-25 11:14:58,0.25
HIGH,-1.05,1.08,2596,30116.75,False,2593,30164.0,3,BREACH,2026-06-25 13:24:59,2026-06-25 12:24:59,True,2026-06-25:2582-2589:DynamicCompression,AVAILABLE,2026-06-25 11:24:59,0.25
HIGH,-0.91,1.44,2599,30123.0,False,2593,30164.0,6,BREACH,2026-06-25 13:39:59,2026-06-25 12:39:59,True,2026-06-25:2582-2589:DynamicCompression,AVAILABLE,2026-06-25 11:39:59,0.25
HIGH,0.09,1.44,2605,30168.25,True,2593,30164.0,12,BREACH,2026-06-25 14:09:59,2026-06-25 13:09:59,True,2026-06-25:2582-2589:DynamicCompression,AVAILABLE,2026-06-25 12:09:59,0.4
LOW,0.02,0.19,2597,30117.75,False,2596,30116.75,1,BREACH,2026-06-25 13:29:59,2026-06-25 12:29:59,False,2026-06-25:2582-2589:DynamicCompression,AVAILABLE,2026-06-25 11:29:59,0.2
LOW,0.14,0.39,2599,30123.0,False,2596,30116.75,3,BREACH,2026-06-25 13:39:59,2026-06-25 12:39:59,False,2026-06-25:2582-2589:DynamicCompression,AVAILABLE,2026-06-25 11:39:59,0.23
LOW,0.07,0.39,2602,30119.75,False,2596,30116.75,6,BREACH,2026-06-25 13:54:59,2026-06-25 12:54:59,True,2026-06-25:2582-2589:DynamicCompression,AVAILABLE,2026-06-25 11:54:59,0.85
LOW,0.45,0.39,2608,30137.0,False,2596,30116.75,12,BREACH,2026-06-25 14:24:59,2026-06-25 13:24:59,True,2026-06-25:2582-2589:DynamicCompression,AVAILABLE,2026-06-25 12:24:59,1.45
LOW,-0.11,0.42,2598,30113.0,False,2597,30117.75,1,BREACH,2026-06-25 13:34:59,2026-06-25 12:34:59,False,2026-06-25:2582-2589:DynamicCompression,AVAILABLE,2026-06-25 11:34:59,0.15
LOW,0.28,0.42,2600,30130.5,False,2597,30117.75,3,BREACH,2026-06-25 13:44:59,2026-06-25 12:44:59,False,2026-06-25:2582-2589:DynamicCompression,AVAILABLE,2026-06-25 11:44:59,0.46
LOW,0.3,0.42,2603,30131.25,False,2597,30117.75,6,BREACH,2026-06-25 13:59:59,2026-06-25 12:59:59,True,2026-06-25:2582-2589:DynamicCompression,AVAILABLE,2026-06-25 11:59:59,0.83
LOW,0.29,0.42,2609,30131.0,False,2597,30117.75,12,BREACH,2026-06-25 14:29:59,2026-06-25 13:29:59,True,2026-06-25:2582-2589:DynamicCompression,AVAILABLE,2026-06-25 12:29:59,1.43
LOW,-0.39,0.41,2842,29385.0,False,2841,29412.5,1,BREACH,2026-06-26 10:54:59,2026-06-26 09:54:59,False,2026-06-26:2834-2840:DynamicCompression,MISSING,2026-06-26 08:54:59,0.13
LOW,-0.45,0.7,2844,29381.0,False,2841,29412.5,3,BREACH,2026-06-26 11:04:59,2026-06-26 10:04:59,False,2026-06-26:2834-2840:DynamicCompression,MISSING,2026-06-26 09:04:59,0.13
LOW,-0.4,0.7,2847,29384.5,False,2841,29412.5,6,BREACH,2026-06-26 11:19:59,2026-06-26 10:19:59,False,2026-06-26:2834-2840:DynamicCompression,MISSING,2026-06-26 09:19:59,0.13
LOW,0.24,0.98,2853,29429.25,False,2841,29412.5,12,BREACH,2026-06-26 11:49:59,2026-06-26 10:49:59,False,2026-06-26:2834-2840:DynamicCompression,MISSING,2026-06-26 09:49:59,0.46
LOW,0.21,0.3,2843,29399.5,False,2842,29385.0,1,BREACH,2026-06-26 10:59:59,2026-06-26 09:59:59,False,2026-06-26:2834-2840:DynamicCompression,MISSING,2026-06-26 08:59:59,0.27
LOW,-0.03,0.3,2845,29383.25,False,2842,29385.0,3,BREACH,2026-06-26 11:09:59,2026-06-26 10:09:59,False,2026-06-26:2834-2840:DynamicCompression,MISSING,2026-06-26 09:09:59,0.3
LOW,-0.41,0.59,2848,29356.5,False,2842,29385.0,6,BREACH,2026-06-26 11:24:59,2026-06-26 10:24:59,False,2026-06-26:2834-2840:DynamicCompression,MISSING,2026-06-26 09:24:59,0.39
LOW,0.08,0.59,2854,29390.75,False,2842,29385.0,12,BREACH,2026-06-26 11:54:59,2026-06-26 10:54:59,False,2026-06-26:2834-2840:DynamicCompression,MISSING,2026-06-26 09:54:59,0.85
HIGH,0.16,0.28,2869,29398.0,False,2868,29390.5,1,BREACH,2026-06-26 13:09:58,2026-06-26 12:09:58,False,2026-06-26:2860-2866:DynamicCompression,MISSING,2026-06-26 11:09:58,0.36
HIGH,-0.16,0.28,2871,29383.0,True,2868,29390.5,3,BREACH,2026-06-26 13:19:58,2026-06-26 12:19:58,False,2026-06-26:2860-2866:DynamicCompression,MISSING,2026-06-26 11:19:58,0.75
HIGH,-0.47,0.72,2874,29368.5,True,2868,29390.5,6,BREACH,2026-06-26 13:34:59,2026-06-26 12:34:59,True,2026-06-26:2860-2866:DynamicCompression,MISSING,2026-06-26 11:34:59,0.75
HIGH,-0.18,1.83,2880,29382.0,True,2868,29390.5,12,BREACH,2026-06-26 14:04:56,2026-06-26 13:04:56,True,2026-06-26:2860-2866:DynamicCompression,MISSING,2026-06-26 12:04:56,0.75
HIGH,0.09,0.18,2870,29402.25,False,2869,29398.0,1,BREACH,2026-06-26 13:14:58,2026-06-26 12:14:58,False,2026-06-26:2860-2866:DynamicCompression,MISSING,2026-06-26 11:14:58,0.59
HIGH,-0.51,0.88,2872,29374.0,True,2869,29398.0,3,BREACH,2026-06-26 13:24:55,2026-06-26 12:24:55,True,2026-06-26:2860-2866:DynamicCompression,MISSING,2026-06-26 11:24:55,0.59
HIGH,-0.4,0.88,2875,29379.5,True,2869,29398.0,6,BREACH,2026-06-26 13:39:59,2026-06-26 12:39:59,True,2026-06-26:2860-2866:DynamicCompression,MISSING,2026-06-26 11:39:59,0.59
HIGH,0.35,1.99,2881,29414.25,False,2869,29398.0,12,BREACH,2026-06-26 14:09:59,2026-06-26 13:09:59,True,2026-06-26:2860-2866:DynamicCompression,MISSING,2026-06-26 12:09:59,0.59
HIGH,-0.41,0.53,2871,29383.0,True,2870,29402.25,1,BREACH,2026-06-26 13:19:58,2026-06-26 12:19:58,False,2026-06-26:2860-2866:DynamicCompression,MISSING,2026-06-26 11:19:58,0.0
HIGH,-0.68,0.97,2873,29370.5,True,2870,29402.25,3,BREACH,2026-06-26 13:29:59,2026-06-26 12:29:59,True,2026-06-26:2860-2866:DynamicCompression,MISSING,2026-06-26 11:29:59,0.0
HIGH,-0.84,0.97,2876,29363.0,True,2870,29402.25,6,BREACH,2026-06-26 13:44:58,2026-06-26 12:44:58,True,2026-06-26:2860-2866:DynamicCompression,MISSING,2026-06-26 11:44:58,0.0
HIGH,0.39,2.09,2882,29420.5,False,2870,29402.25,12,BREACH,2026-06-26 14:14:58,2026-06-26 13:14:58,True,2026-06-26:2860-2866:DynamicCompression,MISSING,2026-06-26 12:14:58,0.76
LOW,0.87,0.01,2879,29351.0,False,2878,29309.5,1,BREACH,2026-06-26 13:59:58,2026-06-26 12:59:58,False,2026-06-26:2871-2877:DynamicCompression,MISSING,2026-06-26 11:59:58,0.98
LOW,2.19,0.01,2881,29414.25,False,2878,29309.5,3,BREACH,2026-06-26 14:09:59,2026-06-26 13:09:59,True,2026-06-26:2871-2877:DynamicCompression,MISSING,2026-06-26 12:09:59,2.32
LOW,1.39,0.01,2884,29375.75,True,2878,29309.5,6,BREACH,2026-06-26 14:24:59,2026-06-26 13:24:59,True,2026-06-26:2871-2877:DynamicCompression,MISSING,2026-06-26 12:24:59,2.94
LOW,0.57,0.24,2890,29336.75,False,2878,29309.5,12,BREACH,2026-06-26 14:54:59,2026-06-26 13:54:59,True,2026-06-26:2871-2877:DynamicCompression,MISSING,2026-06-26 12:54:59,2.94
LOW,0.65,0.31,2880,29382.0,True,2879,29351.0,1,BREACH,2026-06-26 14:04:56,2026-06-26 13:04:56,True,2026-06-26:2871-2877:DynamicCompression,MISSING,2026-06-26 12:04:56,0.75
LOW,1.46,0.31,2882,29420.5,False,2879,29351.0,3,BREACH,2026-06-26 14:14:58,2026-06-26 13:14:58,True,2026-06-26:2871-2877:DynamicCompression,MISSING,2026-06-26 12:14:58,1.82
LOW,0.96,0.31,2885,29396.75,True,2879,29351.0,6,BREACH,2026-06-26 14:29:58,2026-06-26 13:29:58,True,2026-06-26:2871-2877:DynamicCompression,MISSING,2026-06-26 12:29:58,2.07
LOW,-0.75,1.1,2891,29315.25,False,2879,29351.0,12,BREACH,2026-06-26 14:59:59,2026-06-26 13:59:59,True,2026-06-26:2871-2877:DynamicCompression,MISSING,2026-06-26 12:59:59,2.07
LOW,0.68,0.05,2881,29414.25,False,2880,29382.0,1,BREACH,2026-06-26 14:09:59,2026-06-26 13:09:59,False,2026-06-26:2871-2877:DynamicCompression,MISSING,2026-06-26 12:09:59,0.81
LOW,0.59,0.05,2883,29410.25,False,2880,29382.0,3,BREACH,2026-06-26 14:19:59,2026-06-26 13:19:59,False,2026-06-26:2871-2877:DynamicCompression,MISSING,2026-06-26 12:19:59,1.42
LOW,-0.19,0.3,2886,29372.75,True,2880,29382.0,6,BREACH,2026-06-26 14:34:59,2026-06-26 13:34:59,True,2026-06-26:2871-2877:DynamicCompression,MISSING,2026-06-26 12:34:59,1.42
LOW,-2.01,2.24,2892,29286.0,False,2880,29382.0,12,BREACH,2026-06-26 15:04:59,2026-06-26 14:04:59,True,2026-06-26:2871-2877:DynamicCompression,MISSING,2026-06-26 13:04:59,1.42
HIGH,0.13,0.37,2882,29420.5,False,2881,29414.25,1,BREACH,2026-06-26 14:14:58,2026-06-26 13:14:58,False,2026-06-26:2871-2877:DynamicCompression,MISSING,2026-06-26 12:14:58,0.49
HIGH,-0.81,0.81,2884,29375.75,True,2881,29414.25,3,BREACH,2026-06-26 14:24:59,2026-06-26 13:24:59,False,2026-06-26:2871-2877:DynamicCompression,MISSING,2026-06-26 12:24:59,0.75
HIGH,-1.5,1.64,2887,29342.75,False,2881,29414.25,6,BREACH,2026-06-26 14:39:59,2026-06-26 13:39:59,True,2026-06-26:2871-2877:DynamicCompression,MISSING,2026-06-26 12:39:59,0.75
HIGH,-3.18,3.24,2893,29262.5,False,2881,29414.25,12,BREACH,2026-06-26 15:09:58,2026-06-26 14:09:58,True,2026-06-26:2871-2877:DynamicCompression,MISSING,2026-06-26 13:09:58,0.75
HIGH,-0.21,0.36,2883,29410.25,False,2882,29420.5,1,BREACH,2026-06-26 14:19:59,2026-06-26 13:19:59,False,2026-06-26:2871-2877:DynamicCompression,MISSING,2026-06-26 12:19:59,0.62
HIGH,-0.5,0.99,2885,29396.75,True,2882,29420.5,3,BREACH,2026-06-26 14:29:58,2026-06-26 13:29:58,False,2026-06-26:2871-2877:DynamicCompression,MISSING,2026-06-26 12:29:58,0.62
HIGH,-2.05,2.1,2888,29322.75,False,2882,29420.5,6,BREACH,2026-06-26 14:44:59,2026-06-26 13:44:59,True,2026-06-26:2871-2877:DynamicCompression,MISSING,2026-06-26 12:44:59,0.62
HIGH,-2.96,3.59,2894,29279.0,False,2882,29420.5,12,BREACH,2026-06-26 15:14:59,2026-06-26 14:14:59,True,2026-06-26:2871-2877:DynamicCompression,MISSING,2026-06-26 13:14:59,0.62
LOW,0.38,0.11,3131,29664.0,True,3130,29646.0,1,BREACH,2026-06-29 11:59:59,2026-06-29 10:59:59,True,2026-06-29:3119-3125:DynamicCompression,AVAILABLE,2026-06-29 09:59:59,0.57
LOW,1.5,0.11,3133,29717.5,False,3130,29646.0,3,BREACH,2026-06-29 12:09:57,2026-06-29 11:09:57,True,2026-06-29:3119-3125:DynamicCompression,AVAILABLE,2026-06-29 10:09:57,1.52
LOW,0.77,0.11,3136,29683.0,True,3130,29646.0,6,BREACH,2026-06-29 12:24:50,2026-06-29 11:24:50,True,2026-06-29:3119-3125:DynamicCompression,AVAILABLE,2026-06-29 10:24:50,1.6
LOW,1.79,0.11,3142,29731.25,False,3130,29646.0,12,BREACH,2026-06-29 12:54:59,2026-06-29 11:54:59,True,2026-06-29:3119-3125:DynamicCompression,AVAILABLE,2026-06-29 10:54:59,2.05
HIGH,0.47,0.18,3133,29717.5,False,3132,29695.25,1,BREACH,2026-06-29 12:09:57,2026-06-29 11:09:57,False,2026-06-29:3119-3125:DynamicCompression,AVAILABLE,2026-06-29 10:09:57,0.49
HIGH,-0.29,0.55,3135,29681.25,True,3132,29695.25,3,BREACH,2026-06-29 12:19:59,2026-06-29 11:19:59,False,2026-06-29:3119-3125:DynamicCompression,AVAILABLE,2026-06-29 10:19:59,0.57
HIGH,0.52,0.55,3138,29720.25,False,3132,29695.25,6,BREACH,2026-06-29 12:34:59,2026-06-29 11:34:59,False,2026-06-29:3119-3125:DynamicCompression,AVAILABLE,2026-06-29 10:34:59,0.68
HIGH,1.08,0.55,3144,29746.75,False,3132,29695.25,12,BREACH,2026-06-29 13:04:57,2026-06-29 12:04:57,False,2026-06-29:3119-3125:DynamicCompression,AVAILABLE,2026-06-29 11:04:57,1.31
HIGH,-0.62,0.7,3134,29688.0,True,3133,29717.5,1,BREACH,2026-06-29 12:14:55,2026-06-29 11:14:55,False,2026-06-29:3119-3125:DynamicCompression,AVAILABLE,2026-06-29 10:14:55,0.1
HIGH,-0.72,1.02,3136,29683.0,True,3133,29717.5,3,BREACH,2026-06-29 12:24:50,2026-06-29 11:24:50,False,2026-06-29:3119-3125:DynamicCompression,AVAILABLE,2026-06-29 10:24:50,0.1
HIGH,0.42,1.02,3139,29737.5,False,3133,29717.5,6,BREACH,2026-06-29 12:39:59,2026-06-29 11:39:59,False,2026-06-29:3119-3125:DynamicCompression,AVAILABLE,2026-06-29 10:39:59,0.55
HIGH,0.43,1.02,3145,29738.0,False,3133,29717.5,12,BREACH,2026-06-29 13:09:59,2026-06-29 12:09:59,False,2026-06-29:3119-3125:DynamicCompression,AVAILABLE,2026-06-29 11:09:59,0.85
LOW,0.12,0.05,3157,29718.75,True,3156,29711.0,1,BREACH,2026-06-29 14:09:55,2026-06-29 13:09:55,False,2026-06-29:3149-3155:DynamicCompression,AVAILABLE,2026-06-29 12:09:55,0.21
LOW,0.27,0.05,3159,29728.25,True,3156,29711.0,3,BREACH,2026-06-29 14:19:57,2026-06-29 13:19:57,False,2026-06-29:3149-3155:DynamicCompression,AVAILABLE,2026-06-29 12:19:57,0.45
LOW,0.25,0.29,3162,29726.75,True,3156,29711.0,6,BREACH,2026-06-29 14:34:59,2026-06-29 13:34:59,True,2026-06-29:3149-3155:DynamicCompression,AVAILABLE,2026-06-29 12:34:59,0.45
LOW,-0.07,0.97,3168,29706.75,True,3156,29711.0,12,BREACH,2026-06-29 15:04:59,2026-06-29 14:04:59,True,2026-06-29:3149-3155:DynamicCompression,AVAILABLE,2026-06-29 13:04:59,0.45
LOW,-0.71,0.78,3163,29682.0,False,3162,29726.75,1,BREACH,2026-06-29 14:39:59,2026-06-29 13:39:59,True,2026-06-29:3149-3155:DynamicCompression,AVAILABLE,2026-06-29 12:39:59,0.06
LOW,-0.92,1.22,3165,29668.75,False,3162,29726.75,3,BREACH,2026-06-29 14:49:56,2026-06-29 13:49:56,True,2026-06-29:3149-3155:DynamicCompression,AVAILABLE,2026-06-29 12:49:56,0.06
LOW,-0.32,1.22,3168,29706.75,True,3162,29726.75,6,BREACH,2026-06-29 15:04:59,2026-06-29 14:04:59,True,2026-06-29:3149-3155:DynamicCompression,AVAILABLE,2026-06-29 13:04:59,0.06
LOW,0.53,2.71,3174,29760.25,False,3162,29726.75,12,BREACH,2026-06-29 15:34:59,2026-06-29 14:34:59,True,2026-06-29:3149-3155:DynamicCompression,AVAILABLE,2026-06-29 13:34:59,0.68
LOW,-0.12,0.51,3164,29674.5,False,3163,29682.0,1,BREACH,2026-06-29 14:44:59,2026-06-29 13:44:59,False,2026-06-29:3149-3155:DynamicCompression,AVAILABLE,2026-06-29 12:44:59,0.08
LOW,0.01,0.51,3166,29682.75,False,3163,29682.0,3,BREACH,2026-06-29 14:54:59,2026-06-29 13:54:59,False,2026-06-29:3149-3155:DynamicCompression,AVAILABLE,2026-06-29 12:54:59,0.1
LOW,0.49,0.51,3169,29712.75,True,3163,29682.0,6,BREACH,2026-06-29 15:09:59,2026-06-29 14:09:59,True,2026-06-29:3149-3155:DynamicCompression,AVAILABLE,2026-06-29 13:09:59,0.69
LOW,0.45,1.99,3175,29710.0,True,3163,29682.0,12,BREACH,2026-06-29 15:39:59,2026-06-29 14:39:59,True,2026-06-29:3149-3155:DynamicCompression,AVAILABLE,2026-06-29 13:39:59,1.39
LOW,-0.09,0.17,3165,29668.75,False,3164,29674.5,1,BREACH,2026-06-29 14:49:56,2026-06-29 13:49:56,False,2026-06-29:3149-3155:DynamicCompression,AVAILABLE,2026-06-29 12:49:56,0.22
LOW,0.49,0.17,3167,29705.0,True,3164,29674.5,3,BREACH,2026-06-29 14:59:58,2026-06-29 13:59:58,False,2026-06-29:3149-3155:DynamicCompression,AVAILABLE,2026-06-29 12:59:58,0.49
LOW,0.84,0.17,3170,29727.25,True,3164,29674.5,6,BREACH,2026-06-29 15:14:59,2026-06-29 14:14:59,True,2026-06-29:3149-3155:DynamicCompression,AVAILABLE,2026-06-29 13:14:59,0.94
LOW,1.79,1.87,3176,29786.75,False,3164,29674.5,12,BREACH,2026-06-29 15:44:59,2026-06-29 14:44:59,True,2026-06-29:3149-3155:DynamicCompression,AVAILABLE,2026-06-29 13:44:59,1.92
HIGH,0.35,0.12,3682,30378.5,False,3681,30369.25,1,BREACH,2026-07-01 11:54:58,2026-07-01 10:54:58,False,2026-07-01:3673-3679:DynamicCompression,AVAILABLE,2026-07-01 09:54:58,0.49
HIGH,0.35,0.12,3684,30378.5,False,3681,30369.25,3,BREACH,2026-07-01 12:04:58,2026-07-01 11:04:58,False,2026-07-01:3673-3679:DynamicCompression,AVAILABLE,2026-07-01 10:04:58,0.78
HIGH,0.38,0.67,3687,30379.25,False,3681,30369.25,6,BREACH,2026-07-01 12:19:51,2026-07-01 11:19:51,True,2026-07-01:3673-3679:DynamicCompression,AVAILABLE,2026-07-01 10:19:51,0.78
HIGH,1.01,0.67,3693,30395.75,False,3681,30369.25,12,BREACH,2026-07-01 12:49:59,2026-07-01 11:49:59,True,2026-07-01:3673-3679:DynamicCompression,AVAILABLE,2026-07-01 10:49:59,1.21
HIGH,0.25,0.09,3683,30385.0,False,3682,30378.5,1,BREACH,2026-07-01 11:59:58,2026-07-01 10:59:58,False,2026-07-01:3673-3679:DynamicCompression,AVAILABLE,2026-07-01 09:59:58,0.3
HIGH,-0.31,0.45,3685,30370.25,False,3682,30378.5,3,BREACH,2026-07-01 12:09:53,2026-07-01 11:09:53,False,2026-07-01:3673-3679:DynamicCompression,AVAILABLE,2026-07-01 10:09:53,0.43
HIGH,0.34,1.02,3688,30387.5,False,3682,30378.5,6,BREACH,2026-07-01 12:24:55,2026-07-01 11:24:55,True,2026-07-01:3673-3679:DynamicCompression,AVAILABLE,2026-07-01 10:24:55,0.64
HIGH,1.01,1.02,3694,30405.0,False,3682,30378.5,12,BREACH,2026-07-01 12:54:59,2026-07-01 11:54:59,True,2026-07-01:3673-3679:DynamicCompression,AVAILABLE,2026-07-01 10:54:59,1.08
HIGH,0.39,0.39,3980,30057.5,False,3979,30036.25,1,BREACH,2026-07-02 13:44:59,2026-07-02 12:44:59,False,2026-07-02:3968-3976:DynamicCompression,AVAILABLE,2026-07-02 11:44:59,0.52
HIGH,0.09,0.39,3982,30041.0,False,3979,30036.25,3,BREACH,2026-07-02 13:54:57,2026-07-02 12:54:57,False,2026-07-02:3968-3976:DynamicCompression,AVAILABLE,2026-07-02 11:54:57,0.78
HIGH,1.28,0.39,3985,30106.25,False,3979,30036.25,6,BREACH,2026-07-02 14:09:58,2026-07-02 13:09:58,False,2026-07-02:3968-3976:DynamicCompression,AVAILABLE,2026-07-02 12:09:58,1.47
HIGH,4.5,0.39,3991,30281.75,False,3979,30036.25,12,BREACH,2026-07-02 14:39:59,2026-07-02 13:39:59,False,2026-07-02:3968-3976:DynamicCompression,AVAILABLE,2026-07-02 12:39:59,5.21
HIGH,0.03,0.05,3981,30059.0,False,3980,30057.5,1,BREACH,2026-07-02 13:49:59,2026-07-02 12:49:59,False,2026-07-02:3968-3976:DynamicCompression,AVAILABLE,2026-07-02 11:49:59,0.34
HIGH,-0.43,0.43,3983,30034.25,False,3980,30057.5,3,BREACH,2026-07-02 13:59:59,2026-07-02 12:59:59,False,2026-07-02:3968-3976:DynamicCompression,AVAILABLE,2026-07-02 11:59:59,0.39
HIGH,1.35,0.65,3986,30131.25,False,3980,30057.5,6,BREACH,2026-07-02 14:14:59,2026-07-02 13:14:59,False,2026-07-02:3968-3976:DynamicCompression,AVAILABLE,2026-07-02 12:14:59,1.53
HIGH,3.38,0.65,3992,30241.5,False,3980,30057.5,12,BREACH,2026-07-02 14:44:59,2026-07-02 13:44:59,False,2026-07-02:3968-3976:DynamicCompression,AVAILABLE,2026-07-02 12:44:59,4.82
HIGH,0.16,0.24,4220,29870.0,False,4219,29865.5,1,BREACH,2026-07-03 10:44:49,2026-07-03 09:44:49,False,2026-07-03:4212-4218:DynamicCompression,AVAILABLE,2026-07-03 08:44:49,0.27
HIGH,-0.69,1.21,4222,29846.0,True,4219,29865.5,3,BREACH,2026-07-03 10:54:55,2026-07-03 09:54:55,True,2026-07-03:4212-4218:DynamicCompression,AVAILABLE,2026-07-03 08:54:55,0.27
HIGH,-0.89,1.34,4225,29840.25,True,4219,29865.5,6,BREACH,2026-07-03 11:09:58,2026-07-03 10:09:58,True,2026-07-03:4212-4218:DynamicCompression,AVAILABLE,2026-07-03 09:09:58,0.27
HIGH,0.29,1.34,4231,29873.75,False,4219,29865.5,12,BREACH,2026-07-03 11:39:58,2026-07-03 10:39:58,True,2026-07-03:4212-4218:DynamicCompression,AVAILABLE,2026-07-03 09:39:58,1.12
HIGH,-1.35,1.35,4221,29832.0,False,4220,29870.0,1,BREACH,2026-07-03 10:49:57,2026-07-03 09:49:57,True,2026-07-03:4212-4218:DynamicCompression,AVAILABLE,2026-07-03 08:49:57,0.02
HIGH,-0.76,1.37,4223,29848.5,True,4220,29870.0,3,BREACH,2026-07-03 10:59:47,2026-07-03 09:59:47,True,2026-07-03:4212-4218:DynamicCompression,AVAILABLE,2026-07-03 08:59:47,0.02
HIGH,0.26,1.5,4226,29877.25,False,4220,29870.0,6,BREACH,2026-07-03 11:14:58,2026-07-03 10:14:58,True,2026-07-03:4212-4218:DynamicCompression,AVAILABLE,2026-07-03 09:14:58,0.28
HIGH,0.91,1.5,4232,29895.75,False,4220,29870.0,12,BREACH,2026-07-03 11:44:59,2026-07-03 10:44:59,True,2026-07-03:4212-4218:DynamicCompression,AVAILABLE,2026-07-03 09:44:59,1.07
HIGH,-0.36,0.69,4245,29885.5,False,4244,29892.5,1,BREACH,2026-07-03 12:49:48,2026-07-03 11:49:48,False,2026-07-03:4237-4243:DynamicCompression,AVAILABLE,2026-07-03 10:49:48,0.1
HIGH,-0.67,0.69,4247,29879.5,True,4244,29892.5,3,BREACH,2026-07-03 12:59:53,2026-07-03 11:59:53,False,2026-07-03:4237-4243:DynamicCompression,AVAILABLE,2026-07-03 10:59:53,0.1
HIGH,-0.33,1.26,4250,29886.0,False,4244,29892.5,6,BREACH,2026-07-03 13:14:58,2026-07-03 12:14:58,True,2026-07-03:4237-4243:DynamicCompression,AVAILABLE,2026-07-03 11:14:58,0.1
HIGH,-0.87,1.32,4256,29875.5,True,4244,29892.5,12,BREACH,2026-07-03 13:44:58,2026-07-03 12:44:58,True,2026-07-03:4237-4243:DynamicCompression,AVAILABLE,2026-07-03 11:44:58,0.1
HIGH,0.0,0.1,4246,29885.5,False,4245,29885.5,1,BREACH,2026-07-03 12:54:53,2026-07-03 11:54:53,False,2026-07-03:4237-4243:DynamicCompression,AVAILABLE,2026-07-03 10:54:53,0.15
HIGH,-0.38,0.9,4248,29878.0,True,4245,29885.5,3,BREACH,2026-07-03 13:04:57,2026-07-03 12:04:57,True,2026-07-03:4237-4243:DynamicCompression,AVAILABLE,2026-07-03 11:04:57,0.19
HIGH,-0.28,0.9,4251,29880.0,True,4245,29885.5,6,BREACH,2026-07-03 13:19:59,2026-07-03 12:19:59,True,2026-07-03:4237-4243:DynamicCompression,AVAILABLE,2026-07-03 11:19:59,0.27
HIGH,-0.35,0.96,4257,29878.75,True,4245,29885.5,12,BREACH,2026-07-03 13:49:50,2026-07-03 12:49:50,True,2026-07-03:4237-4243:DynamicCompression,AVAILABLE,2026-07-03 11:49:50,0.27
HIGH,-0.31,0.31,4247,29879.5,True,4246,29885.5,1,BREACH,2026-07-03 12:59:53,2026-07-03 11:59:53,False,2026-07-03:4237-4243:DynamicCompression,AVAILABLE,2026-07-03 10:59:53,0.19
HIGH,-0.47,0.9,4249,29876.25,True,4246,29885.5,3,BREACH,2026-07-03 13:09:46,2026-07-03 12:09:46,True,2026-07-03:4237-4243:DynamicCompression,AVAILABLE,2026-07-03 11:09:46,0.19
HIGH,-0.15,0.9,4252,29882.5,True,4246,29885.5,6,BREACH,2026-07-03 13:24:50,2026-07-03 12:24:50,True,2026-07-03:4237-4243:DynamicCompression,AVAILABLE,2026-07-03 11:24:50,0.27
HIGH,0.44,0.96,4258,29894.0,False,4246,29885.5,12,BREACH,2026-07-03 13:54:54,2026-07-03 12:54:54,True,2026-07-03:4237-4243:DynamicCompression,AVAILABLE,2026-07-03 11:54:54,0.49
HIGH,-0.08,0.59,4248,29878.0,True,4247,29879.5,1,BREACH,2026-07-03 13:04:57,2026-07-03 12:04:57,True,2026-07-03:4237-4243:DynamicCompression,AVAILABLE,2026-07-03 11:04:57,0.17
HIGH,0.33,0.59,4250,29886.0,False,4247,29879.5,3,BREACH,2026-07-03 13:14:58,2026-07-03 12:14:58,True,2026-07-03:4237-4243:DynamicCompression,AVAILABLE,2026-07-03 11:14:58,0.58
HIGH,-0.32,0.65,4253,29873.25,True,4247,29879.5,6,BREACH,2026-07-03 13:29:59,2026-07-03 12:29:59,True,2026-07-03:4237-4243:DynamicCompression,AVAILABLE,2026-07-03 11:29:59,0.58
HIGH,1.22,0.65,4259,29903.25,False,4247,29879.5,12,BREACH,2026-07-03 13:59:59,2026-07-03 12:59:59,True,2026-07-03:4237-4243:DynamicCompression,AVAILABLE,2026-07-03 11:59:59,1.46
HIGH,-0.31,0.33,4251,29880.0,True,4250,29886.0,1,BREACH,2026-07-03 13:19:59,2026-07-03 12:19:59,False,2026-07-03:4237-4243:DynamicCompression,AVAILABLE,2026-07-03 11:19:59,0.18
HIGH,-0.65,0.99,4253,29873.25,True,4250,29886.0,3,BREACH,2026-07-03 13:29:59,2026-07-03 12:29:59,True,2026-07-03:4237-4243:DynamicCompression,AVAILABLE,2026-07-03 11:29:59,0.18
HIGH,-0.54,0.99,4256,29875.5,True,4250,29886.0,6,BREACH,2026-07-03 13:44:58,2026-07-03 12:44:58,True,2026-07-03:4237-4243:DynamicCompression,AVAILABLE,2026-07-03 11:44:58,0.21
HIGH,0.06,0.99,4262,29887.25,False,4250,29886.0,12,BREACH,2026-07-03 14:14:53,2026-07-03 13:14:53,True,2026-07-03:4237-4243:DynamicCompression,AVAILABLE,2026-07-03 12:14:53,1.96
HIGH,0.13,0.0,4252,29882.5,True,4251,29880.0,1,BREACH,2026-07-03 13:24:50,2026-07-03 12:24:50,False,2026-07-03:4237-4243:DynamicCompression,AVAILABLE,2026-07-03 11:24:50,0.26
HIGH,0.37,0.68,4254,29887.25,False,4251,29880.0,3,BREACH,2026-07-03 13:34:44,2026-07-03 12:34:44,True,2026-07-03:4237-4243:DynamicCompression,AVAILABLE,2026-07-03 11:34:44,0.51
HIGH,-0.06,0.68,4257,29878.75,True,4251,29880.0,6,BREACH,2026-07-03 13:49:50,2026-07-03 12:49:50,True,2026-07-03:4237-4243:DynamicCompression,AVAILABLE,2026-07-03 11:49:50,0.51
HIGH,-0.09,0.68,4263,29878.25,True,4251,29880.0,12,BREACH,2026-07-03 14:19:59,2026-07-03 13:19:59,True,2026-07-03:4237-4243:DynamicCompression,AVAILABLE,2026-07-03 12:19:59,2.27
HIGH,-0.47,0.81,4253,29873.25,True,4252,29882.5,1,BREACH,2026-07-03 13:29:59,2026-07-03 12:29:59,True,2026-07-03:4237-4243:DynamicCompression,AVAILABLE,2026-07-03 11:29:59,0.05
HIGH,-0.15,0.81,4255,29879.5,True,4252,29882.5,3,BREACH,2026-07-03 13:39:58,2026-07-03 12:39:58,True,2026-07-03:4237-4243:DynamicCompression,AVAILABLE,2026-07-03 11:39:58,0.38
HIGH,0.59,0.81,4258,29894.0,False,4252,29882.5,6,BREACH,2026-07-03 13:54:54,2026-07-03 12:54:54,True,2026-07-03:4237-4243:DynamicCompression,AVAILABLE,2026-07-03 11:54:54,0.64
HIGH,-0.01,0.81,4264,29882.25,True,4252,29882.5,12,BREACH,2026-07-03 14:24:56,2026-07-03 13:24:56,True,2026-07-03:4237-4243:DynamicCompression,AVAILABLE,2026-07-03 12:24:56,2.14
HIGH,-0.4,0.4,4255,29879.5,True,4254,29887.25,1,BREACH,2026-07-03 13:39:58,2026-07-03 12:39:58,False,2026-07-03:4237-4243:DynamicCompression,AVAILABLE,2026-07-03 11:39:58,0.12
HIGH,-0.44,0.88,4257,29878.75,True,4254,29887.25,3,BREACH,2026-07-03 13:49:50,2026-07-03 12:49:50,True,2026-07-03:4237-4243:DynamicCompression,AVAILABLE,2026-07-03 11:49:50,0.12
HIGH,1.19,0.88,4260,29910.5,False,4254,29887.25,6,BREACH,2026-07-03 14:04:59,2026-07-03 13:04:59,True,2026-07-03:4237-4243:DynamicCompression,AVAILABLE,2026-07-03 12:04:59,1.68
HIGH,-0.03,0.88,4266,29886.75,False,4254,29887.25,12,BREACH,2026-07-03 14:34:51,2026-07-03 13:34:51,True,2026-07-03:4237-4243:DynamicCompression,AVAILABLE,2026-07-03 12:34:51,1.9
HIGH,-0.21,0.49,4256,29875.5,True,4255,29879.5,1,BREACH,2026-07-03 13:44:58,2026-07-03 12:44:58,True,2026-07-03:4237-4243:DynamicCompression,AVAILABLE,2026-07-03 11:44:58,0.36
HIGH,0.74,0.49,4258,29894.0,False,4255,29879.5,3,BREACH,2026-07-03 13:54:54,2026-07-03 12:54:54,True,2026-07-03:4237-4243:DynamicCompression,AVAILABLE,2026-07-03 11:54:54,0.79
HIGH,1.56,0.49,4261,29910.0,False,4255,29879.5,6,BREACH,2026-07-03 14:09:59,2026-07-03 13:09:59,True,2026-07-03:4237-4243:DynamicCompression,AVAILABLE,2026-07-03 12:09:59,2.29
HIGH,0.67,0.49,4267,29892.5,False,4255,29879.5,12,BREACH,2026-07-03 14:39:59,2026-07-03 13:39:59,True,2026-07-03:4237-4243:DynamicCompression,AVAILABLE,2026-07-03 12:39:59,2.29
HIGH,0.17,0.04,4257,29878.75,True,4256,29875.5,1,BREACH,2026-07-03 13:49:50,2026-07-03 12:49:50,True,2026-07-03:4237-4243:DynamicCompression,AVAILABLE,2026-07-03 11:49:50,0.44
HIGH,1.42,0.04,4259,29903.25,False,4256,29875.5,3,BREACH,2026-07-03 13:59:59,2026-07-03 12:59:59,True,2026-07-03:4237-4243:DynamicCompression,AVAILABLE,2026-07-03 11:59:59,1.67
HIGH,0.6,0.04,4262,29887.25,False,4256,29875.5,6,BREACH,2026-07-03 14:14:53,2026-07-03 13:14:53,True,2026-07-03:4237-4243:DynamicCompression,AVAILABLE,2026-07-03 12:14:53,2.5
HIGH,0.45,0.04,4268,29884.25,False,4256,29875.5,12,BREACH,2026-07-03 14:44:16,2026-07-03 13:44:16,True,2026-07-03:4237-4243:DynamicCompression,AVAILABLE,2026-07-03 12:44:16,2.5
HIGH,0.78,0.12,4258,29894.0,False,4257,29878.75,1,TOUCH,2026-07-03 13:54:54,2026-07-03 12:54:54,True,2026-07-03:4237-4243:DynamicCompression,AVAILABLE,2026-07-03 11:54:54,0.83
HIGH,1.63,0.12,4260,29910.5,False,4257,29878.75,3,TOUCH,2026-07-03 14:04:59,2026-07-03 13:04:59,True,2026-07-03:4237-4243:DynamicCompression,AVAILABLE,2026-07-03 12:04:59,2.12
HIGH,-0.03,0.17,4263,29878.25,True,4257,29878.75,6,TOUCH,2026-07-03 14:19:59,2026-07-03 13:19:59,True,2026-07-03:4237-4243:DynamicCompression,AVAILABLE,2026-07-03 12:19:59,2.33
HIGH,0.82,0.17,4269,29894.75,False,4257,29878.75,12,TOUCH,2026-07-03 14:49:56,2026-07-03 13:49:56,True,2026-07-03:4237-4243:DynamicCompression,AVAILABLE,2026-07-03 12:49:56,2.33
HIGH,0.47,0.13,4259,29903.25,False,4258,29894.0,1,BREACH,2026-07-03 13:59:59,2026-07-03 12:59:59,False,2026-07-03:4237-4243:DynamicCompression,AVAILABLE,2026-07-03 11:59:59,0.72
HIGH,0.82,0.13,4261,29910.0,False,4258,29894.0,3,BREACH,2026-07-03 14:09:59,2026-07-03 13:09:59,False,2026-07-03:4237-4243:DynamicCompression,AVAILABLE,2026-07-03 12:09:59,1.55
HIGH,-0.6,0.95,4264,29882.25,True,4258,29894.0,6,BREACH,2026-07-03 14:24:56,2026-07-03 13:24:56,True,2026-07-03:4237-4243:DynamicCompression,AVAILABLE,2026-07-03 12:24:56,1.55
HIGH,0.18,0.95,4270,29897.5,False,4258,29894.0,12,BREACH,2026-07-03 14:54:58,2026-07-03 13:54:58,True,2026-07-03:4237-4243:DynamicCompression,AVAILABLE,2026-07-03 12:54:58,1.55
HIGH,0.37,0.03,4260,29910.5,False,4259,29903.25,1,BREACH,2026-07-03 14:04:59,2026-07-03 13:04:59,False,2026-07-03:4237-4243:DynamicCompression,AVAILABLE,2026-07-03 12:04:59,0.86
HIGH,-0.82,1.14,4262,29887.25,False,4259,29903.25,3,BREACH,2026-07-03 14:14:53,2026-07-03 13:14:53,False,2026-07-03:4237-4243:DynamicCompression,AVAILABLE,2026-07-03 12:14:53,1.08
HIGH,-0.91,1.42,4265,29885.5,False,4259,29903.25,6,BREACH,2026-07-03 14:29:59,2026-07-03 13:29:59,True,2026-07-03:4237-4243:DynamicCompression,AVAILABLE,2026-07-03 12:29:59,1.08
HIGH,-0.01,1.42,4271,29903.0,False,4259,29903.25,12,BREACH,2026-07-03 14:59:59,2026-07-03 13:59:59,True,2026-07-03:4237-4243:DynamicCompression,AVAILABLE,2026-07-03 12:59:59,1.08
LOW,1.38,0.05,4462,29883.25,False,4461,29833.5,1,BREACH,2026-07-06 11:54:59,2026-07-06 10:54:59,True,2026-07-06:4452-4458:DynamicCompression,AVAILABLE,2026-07-06 09:54:59,1.44
LOW,0.94,0.05,4464,29867.5,True,4461,29833.5,3,BREACH,2026-07-06 12:04:55,2026-07-06 11:04:55,True,2026-07-06:4452-4458:DynamicCompression,AVAILABLE,2026-07-06 10:04:55,1.61
LOW,1.27,0.05,4467,29879.25,False,4461,29833.5,6,BREACH,2026-07-06 12:19:59,2026-07-06 11:19:59,True,2026-07-06:4452-4458:DynamicCompression,AVAILABLE,2026-07-06 10:19:59,1.61
LOW,0.69,0.05,4473,29858.25,True,4461,29833.5,12,BREACH,2026-07-06 12:49:54,2026-07-06 11:49:54,True,2026-07-06:4452-4458:DynamicCompression,AVAILABLE,2026-07-06 10:49:54,1.61
HIGH,-0.17,0.24,4463,29877.0,False,4462,29883.25,1,BREACH,2026-07-06 11:59:59,2026-07-06 10:59:59,False,2026-07-06:4452-4458:DynamicCompression,AVAILABLE,2026-07-06 09:59:59,0.15
HIGH,-0.71,0.81,4465,29857.75,True,4462,29883.25,3,BREACH,2026-07-06 12:09:59,2026-07-06 11:09:59,True,2026-07-06:4452-4458:DynamicCompression,AVAILABLE,2026-07-06 10:09:59,0.23
HIGH,-0.42,0.86,4468,29868.0,True,4462,29883.25,6,BREACH,2026-07-06 12:24:58,2026-07-06 11:24:58,True,2026-07-06:4452-4458:DynamicCompression,AVAILABLE,2026-07-06 10:24:58,0.23
HIGH,-0.51,1.0,4474,29865.0,True,4462,29883.25,12,BREACH,2026-07-06 12:54:43,2026-07-06 11:54:43,True,2026-07-06:4452-4458:DynamicCompression,AVAILABLE,2026-07-06 10:54:43,0.23
LOW,-0.17,0.24,4463,29877.0,False,4462,29883.25,1,BREACH,2026-07-06 11:59:59,2026-07-06 10:59:59,False,2026-07-06:4452-4458:DynamicCompression,AVAILABLE,2026-07-06 09:59:59,0.15
LOW,-0.71,0.81,4465,29857.75,True,4462,29883.25,3,BREACH,2026-07-06 12:09:59,2026-07-06 11:09:59,True,2026-07-06:4452-4458:DynamicCompression,AVAILABLE,2026-07-06 10:09:59,0.23
LOW,-0.42,0.86,4468,29868.0,True,4462,29883.25,6,BREACH,2026-07-06 12:24:58,2026-07-06 11:24:58,True,2026-07-06:4452-4458:DynamicCompression,AVAILABLE,2026-07-06 10:24:58,0.23
LOW,-0.51,1.0,4474,29865.0,True,4462,29883.25,12,BREACH,2026-07-06 12:54:43,2026-07-06 11:54:43,True,2026-07-06:4452-4458:DynamicCompression,AVAILABLE,2026-07-06 10:54:43,0.23
HIGH,-0.26,0.38,4464,29867.5,True,4463,29877.0,1,BREACH,2026-07-06 12:04:55,2026-07-06 11:04:55,False,2026-07-06:4452-4458:DynamicCompression,AVAILABLE,2026-07-06 10:04:55,0.4
HIGH,0.04,0.69,4466,29878.5,False,4463,29877.0,3,BREACH,2026-07-06 12:14:59,2026-07-06 11:14:59,True,2026-07-06:4452-4458:DynamicCompression,AVAILABLE,2026-07-06 10:14:59,0.4
HIGH,-0.34,0.69,4469,29864.75,True,4463,29877.0,6,BREACH,2026-07-06 12:29:43,2026-07-06 11:29:43,True,2026-07-06:4452-4458:DynamicCompression,AVAILABLE,2026-07-06 10:29:43,0.4
HIGH,0.21,0.83,4475,29884.5,False,4463,29877.0,12,BREACH,2026-07-06 12:59:58,2026-07-06 11:59:58,True,2026-07-06:4452-4458:DynamicCompression,AVAILABLE,2026-07-06 10:59:58,0.4
HIGH,-0.27,0.38,4465,29857.75,True,4464,29867.5,1,BREACH,2026-07-06 12:09:59,2026-07-06 11:09:59,True,2026-07-06:4452-4458:DynamicCompression,AVAILABLE,2026-07-06 10:09:59,0.16
HIGH,0.33,0.42,4467,29879.25,False,4464,29867.5,3,BREACH,2026-07-06 12:19:59,2026-07-06 11:19:59,True,2026-07-06:4452-4458:DynamicCompression,AVAILABLE,2026-07-06 10:19:59,0.48
HIGH,0.29,0.42,4470,29878.0,False,4464,29867.5,6,BREACH,2026-07-06 12:34:59,2026-07-06 11:34:59,True,2026-07-06:4452-4458:DynamicCompression,AVAILABLE,2026-07-06 10:34:59,0.48
HIGH,-0.45,0.56,4476,29851.25,True,4464,29867.5,12,BREACH,2026-07-06 13:04:58,2026-07-06 12:04:58,True,2026-07-06:4452-4458:DynamicCompression,AVAILABLE,2026-07-06 11:04:58,0.79
HIGH,0.02,0.22,4467,29879.25,False,4466,29878.5,1,BREACH,2026-07-06 12:19:59,2026-07-06 11:19:59,False,2026-07-06:4452-4458:DynamicCompression,AVAILABLE,2026-07-06 10:19:59,0.17
HIGH,-0.38,0.49,4469,29864.75,True,4466,29878.5,3,BREACH,2026-07-06 12:29:43,2026-07-06 11:29:43,False,2026-07-06:4452-4458:DynamicCompression,AVAILABLE,2026-07-06 10:29:43,0.17
HIGH,-0.6,0.67,4472,29857.0,True,4466,29878.5,6,BREACH,2026-07-06 12:44:59,2026-07-06 11:44:59,True,2026-07-06:4452-4458:DynamicCompression,AVAILABLE,2026-07-06 10:44:59,0.18
HIGH,-0.58,1.02,4478,29857.75,True,4466,29878.5,12,BREACH,2026-07-06 13:14:55,2026-07-06 12:14:55,True,2026-07-06:4452-4458:DynamicCompression,AVAILABLE,2026-07-06 11:14:55,0.49
HIGH,-0.31,0.31,4468,29868.0,True,4467,29879.25,1,BREACH,2026-07-06 12:24:58,2026-07-06 11:24:58,False,2026-07-06:4452-4458:DynamicCompression,AVAILABLE,2026-07-06 10:24:58,0.11
HIGH,-0.03,0.6,4470,29878.0,False,4467,29879.25,3,BREACH,2026-07-06 12:34:59,2026-07-06 11:34:59,True,2026-07-06:4452-4458:DynamicCompression,AVAILABLE,2026-07-06 10:34:59,0.11
HIGH,-0.58,0.89,4473,29858.25,True,4467,29879.25,6,BREACH,2026-07-06 12:49:54,2026-07-06 11:49:54,True,2026-07-06:4452-4458:DynamicCompression,AVAILABLE,2026-07-06 10:49:54,0.16
HIGH,-0.19,1.04,4479,29872.25,True,4467,29879.25,12,BREACH,2026-07-06 13:19:59,2026-07-06 12:19:59,True,2026-07-06:4452-4458:DynamicCompression,AVAILABLE,2026-07-06 11:19:59,0.47
HIGH,0.12,0.27,5022,29030.75,False,5021,29020.25,1,BREACH,2026-07-08 12:34:59,2026-07-08 11:34:59,False,2026-07-08:5010-5020:DynamicCompression,AVAILABLE,2026-07-08 10:34:59,0.33
HIGH,0.33,0.27,5024,29049.5,False,5021,29020.25,3,BREACH,2026-07-08 12:44:58,2026-07-08 11:44:58,False,2026-07-08:5010-5020:DynamicCompression,AVAILABLE,2026-07-08 10:44:58,0.39
HIGH,-0.02,0.27,5027,29018.75,False,5021,29020.25,6,BREACH,2026-07-08 12:59:59,2026-07-08 11:59:59,False,2026-07-08:5010-5020:DynamicCompression,AVAILABLE,2026-07-08 10:59:59,0.48
HIGH,-0.37,0.51,5033,28987.25,True,5021,29020.25,12,BREACH,2026-07-08 13:29:59,2026-07-08 12:29:59,False,2026-07-08:5010-5020:DynamicCompression,AVAILABLE,2026-07-08 11:29:59,0.48
HIGH,0.15,0.03,5023,29043.75,False,5022,29030.75,1,BREACH,2026-07-08 12:39:58,2026-07-08 11:39:58,False,2026-07-08:5010-5020:DynamicCompression,AVAILABLE,2026-07-08 10:39:58,0.27
HIGH,0.13,0.03,5025,29042.25,False,5022,29030.75,3,BREACH,2026-07-08 12:49:59,2026-07-08 11:49:59,False,2026-07-08:5010-5020:DynamicCompression,AVAILABLE,2026-07-08 10:49:59,0.37
HIGH,-0.4,0.5,5028,28995.75,True,5022,29030.75,6,BREACH,2026-07-08 13:04:58,2026-07-08 12:04:58,False,2026-07-08:5010-5020:DynamicCompression,AVAILABLE,2026-07-08 11:04:58,0.37
HIGH,-0.17,0.65,5034,29016.0,False,5022,29030.75,12,BREACH,2026-07-08 13:34:59,2026-07-08 12:34:59,False,2026-07-08:5010-5020:DynamicCompression,AVAILABLE,2026-07-08 11:34:59,0.37
HIGH,-0.1,0.36,5037,29079.5,False,5036,29085.25,1,BREACH,2026-07-08 13:49:59,2026-07-08 12:49:59,False,2026-07-08:5029-5035:DynamicCompression,AVAILABLE,2026-07-08 11:49:59,0.35
HIGH,0.07,0.54,5039,29089.25,False,5036,29085.25,3,BREACH,2026-07-08 13:59:59,2026-07-08 12:59:59,False,2026-07-08:5029-5035:DynamicCompression,AVAILABLE,2026-07-08 11:59:59,0.49
HIGH,1.07,0.54,5042,29149.5,False,5036,29085.25,6,BREACH,2026-07-08 14:14:58,2026-07-08 13:14:58,False,2026-07-08:5029-5035:DynamicCompression,AVAILABLE,2026-07-08 12:14:58,1.65
HIGH,1.65,0.54,5048,29184.25,False,5036,29085.25,12,BREACH,2026-07-08 14:44:59,2026-07-08 13:44:59,False,2026-07-08:5029-5035:DynamicCompression,AVAILABLE,2026-07-08 12:44:59,1.78
HIGH,0.2,0.44,5038,29091.5,False,5037,29079.5,1,BREACH,2026-07-08 13:54:59,2026-07-08 12:54:59,False,2026-07-08:5029-5035:DynamicCompression,AVAILABLE,2026-07-08 11:54:59,0.29
HIGH,0.47,0.44,5040,29107.5,False,5037,29079.5,3,BREACH,2026-07-08 14:04:59,2026-07-08 13:04:59,False,2026-07-08:5029-5035:DynamicCompression,AVAILABLE,2026-07-08 12:04:59,0.59
HIGH,1.21,0.44,5043,29152.25,False,5037,29079.5,6,BREACH,2026-07-08 14:19:59,2026-07-08 13:19:59,False,2026-07-08:5029-5035:DynamicCompression,AVAILABLE,2026-07-08 12:19:59,1.75
HIGH,1.65,0.44,5049,29178.5,False,5037,29079.5,12,BREACH,2026-07-08 14:49:59,2026-07-08 13:49:59,False,2026-07-08:5029-5035:DynamicCompression,AVAILABLE,2026-07-08 12:49:59,1.9
LOW,0.12,0.06,5289,29627.0,False,5288,29621.25,1,BREACH,2026-07-09 11:49:57,2026-07-09 10:49:57,False,2026-07-09:5278-5286:DynamicCompression,AVAILABLE,2026-07-09 09:49:57,0.28
LOW,0.49,0.06,5291,29644.0,True,5288,29621.25,3,BREACH,2026-07-09 11:59:55,2026-07-09 10:59:55,False,2026-07-09:5278-5286:DynamicCompression,AVAILABLE,2026-07-09 09:59:55,0.59
LOW,0.57,0.06,5294,29647.75,True,5288,29621.25,6,BREACH,2026-07-09 12:14:53,2026-07-09 11:14:53,False,2026-07-09:5278-5286:DynamicCompression,AVAILABLE,2026-07-09 10:14:53,0.75
LOW,0.41,0.06,5300,29640.25,True,5288,29621.25,12,BREACH,2026-07-09 12:44:59,2026-07-09 11:44:59,True,2026-07-09:5278-5286:DynamicCompression,AVAILABLE,2026-07-09 10:44:59,1.02
LOW,0.36,0.04,5290,29643.75,True,5289,29627.0,1,BREACH,2026-07-09 11:54:46,2026-07-09 10:54:46,False,2026-07-09:5278-5286:DynamicCompression,AVAILABLE,2026-07-09 09:54:46,0.42
LOW,0.39,0.04,5292,29645.0,True,5289,29627.0,3,BREACH,2026-07-09 12:04:57,2026-07-09 11:04:57,False,2026-07-09:5278-5286:DynamicCompression,AVAILABLE,2026-07-09 10:04:57,0.63
LOW,0.77,0.04,5295,29663.0,True,5289,29627.0,6,BREACH,2026-07-09 12:19:57,2026-07-09 11:19:57,True,2026-07-09:5278-5286:DynamicCompression,AVAILABLE,2026-07-09 10:19:57,0.89
LOW,-0.46,0.48,5301,29605.5,False,5289,29627.0,12,BREACH,2026-07-09 12:49:59,2026-07-09 11:49:59,True,2026-07-09:5278-5286:DynamicCompression,AVAILABLE,2026-07-09 10:49:59,0.9
LOW,0.01,0.11,5291,29644.0,True,5290,29643.75,1,BREACH,2026-07-09 11:59:55,2026-07-09 10:59:55,False,2026-07-09:5278-5286:DynamicCompression,AVAILABLE,2026-07-09 09:59:55,0.11
LOW,0.01,0.22,5293,29644.0,True,5290,29643.75,3,BREACH,2026-07-09 12:09:59,2026-07-09 11:09:59,False,2026-07-09:5278-5286:DynamicCompression,AVAILABLE,2026-07-09 10:09:59,0.27
LOW,0.18,0.22,5296,29652.25,True,5290,29643.75,6,BREACH,2026-07-09 12:24:59,2026-07-09 11:24:59,True,2026-07-09:5278-5286:DynamicCompression,AVAILABLE,2026-07-09 10:24:59,0.54
LOW,-1.33,1.66,5302,29581.75,False,5290,29643.75,12,BREACH,2026-07-09 12:54:58,2026-07-09 11:54:58,True,2026-07-09:5278-5286:DynamicCompression,AVAILABLE,2026-07-09 10:54:58,0.54
LOW,0.19,0.1,5299,29652.25,True,5298,29643.5,1,TOUCH,2026-07-09 12:39:51,2026-07-09 11:39:51,False,2026-07-09:5278-5286:DynamicCompression,AVAILABLE,2026-07-09 10:39:51,0.37
LOW,-0.81,0.83,5301,29605.5,False,5298,29643.5,3,TOUCH,2026-07-09 12:49:59,2026-07-09 11:49:59,False,2026-07-09:5278-5286:DynamicCompression,AVAILABLE,2026-07-09 10:49:59,0.37
LOW,-0.57,1.69,5304,29617.0,False,5298,29643.5,6,TOUCH,2026-07-09 13:04:59,2026-07-09 12:04:59,False,2026-07-09:5278-5286:DynamicCompression,AVAILABLE,2026-07-09 11:04:59,0.37
LOW,0.52,1.69,5310,29667.75,True,5298,29643.5,12,TOUCH,2026-07-09 13:34:59,2026-07-09 12:34:59,True,2026-07-09:5278-5286:DynamicCompression,AVAILABLE,2026-07-09 11:34:59,0.57
LOW,-0.51,0.84,5302,29581.75,False,5301,29605.5,1,BREACH,2026-07-09 12:54:58,2026-07-09 11:54:58,False,2026-07-09:5278-5286:DynamicCompression,AVAILABLE,2026-07-09 10:54:58,0.1
LOW,0.25,0.88,5304,29617.0,False,5301,29605.5,3,BREACH,2026-07-09 13:04:59,2026-07-09 12:04:59,False,2026-07-09:5278-5286:DynamicCompression,AVAILABLE,2026-07-09 11:04:59,0.44
LOW,-0.11,0.88,5307,29600.5,False,5301,29605.5,6,BREACH,2026-07-09 13:19:58,2026-07-09 12:19:58,False,2026-07-09:5278-5286:DynamicCompression,AVAILABLE,2026-07-09 11:19:58,0.44
LOW,2.05,0.88,5313,29701.25,False,5301,29605.5,12,BREACH,2026-07-09 13:49:59,2026-07-09 12:49:59,True,2026-07-09:5278-5286:DynamicCompression,AVAILABLE,2026-07-09 11:49:59,2.1
LOW,0.4,0.37,5303,29600.25,False,5302,29581.75,1,BREACH,2026-07-09 12:59:59,2026-07-09 11:59:59,False,2026-07-09:5278-5286:DynamicCompression,AVAILABLE,2026-07-09 10:59:59,0.45
LOW,0.12,0.37,5305,29587.5,False,5302,29581.75,3,BREACH,2026-07-09 13:09:59,2026-07-09 12:09:59,False,2026-07-09:5278-5286:DynamicCompression,AVAILABLE,2026-07-09 11:09:59,0.95
LOW,0.84,0.37,5308,29621.0,False,5302,29581.75,6,BREACH,2026-07-09 13:24:57,2026-07-09 12:24:57,False,2026-07-09:5278-5286:DynamicCompression,AVAILABLE,2026-07-09 11:24:57,1.17
LOW,2.6,0.37,5314,29703.5,False,5302,29581.75,12,BREACH,2026-07-09 13:54:57,2026-07-09 12:54:57,True,2026-07-09:5278-5286:DynamicCompression,AVAILABLE,2026-07-09 11:54:57,2.99
