AbsoluteDeltaPercentilePrior,Bar,BarRangeToBaselineMedian,Boundary,BoundaryPrice,BreachDistanceRanges,BuyVolume,CloseDistanceRanges,CloseState,Delta,EventClose,Interaction,Italy,London,MaxBuyPercentilePrior,MaxBuyVolume,MaxSellPercentilePrior,MaxSellVolume,OutsideCloseStreak,ProfileCVD,ProfileLabel,SellVolume,TestOrdinal,TotalVolume,TotalVolumePercentilePrior,TradeCount,TradeCoverage,UTC
,146,1.42,LOW,29901.0,0.14,107.0,-0.2,INSIDE,-10.0,29912.5,BREACH,2026-06-12 12:14:57,2026-06-12 11:14:57,,22.0,,11.0,0,-10.0,2026-06-12:139-145:DynamicCompression,117.0,1,224.0,,117,AVAILABLE,2026-06-12 10:14:57
1.0,147,1.05,LOW,29901.0,0.42,86.0,0.06,OUTSIDE,-45.0,29897.5,BREACH,2026-06-12 12:19:59,2026-06-12 11:19:59,0.0,4.0,1.0,15.0,1,-55.0,2026-06-12:139-145:DynamicCompression,131.0,2,217.0,0.0,129,AVAILABLE,2026-06-12 10:19:59
1.0,148,0.87,LOW,29901.0,0.72,131.0,0.4,OUTSIDE,48.0,29878.25,BREACH,2026-06-12 12:24:58,2026-06-12 11:24:58,0.5,15.0,0.5,11.0,2,-7.0,2026-06-12:139-145:DynamicCompression,83.0,3,214.0,0.0,125,AVAILABLE,2026-06-12 10:24:58
0.33,149,1.81,LOW,29901.0,1.6,185.0,1.36,OUTSIDE,11.0,29823.25,BREACH,2026-06-12 12:29:56,2026-06-12 11:29:56,0.33,9.0,0.0,6.0,3,4.0,2026-06-12:139-145:DynamicCompression,174.0,4,359.0,1.0,246,AVAILABLE,2026-06-12 10:29:56
0.0,722,1.46,LOW,30928.5,0.21,330.0,0.2,OUTSIDE,-31.0,30922.0,BREACH,2026-06-16 14:14:59,2026-06-16 13:14:59,1.0,22.0,1.0,13.0,1,-69.0,2026-06-16:714-720:DynamicCompression,361.0,1,691.0,1.0,406,AVAILABLE,2026-06-16 12:14:59
1.0,723,1.52,LOW,30928.5,1.1,532.0,0.81,OUTSIDE,-91.0,30902.5,BREACH,2026-06-16 14:19:58,2026-06-16 13:19:58,1.0,27.0,1.0,25.0,2,-160.0,2026-06-16:714-720:DynamicCompression,623.0,2,1155.0,1.0,650,AVAILABLE,2026-06-16 12:19:58
,969,1.11,LOW,30485.25,0.13,166.0,0.04,OUTSIDE,-50.0,30483.75,BREACH,2026-06-17 11:49:59,2026-06-17 10:49:59,,11.0,,14.0,1,-50.0,2026-06-17:962-968:DynamicCompression,216.0,1,382.0,,196,AVAILABLE,2026-06-17 09:49:59
1.0,970,1.51,LOW,30485.25,0.9,300.0,0.56,OUTSIDE,-152.0,30462.25,BREACH,2026-06-17 11:54:59,2026-06-17 10:54:59,0.0,10.0,1.0,34.0,2,-202.0,2026-06-17:962-968:DynamicCompression,452.0,2,752.0,1.0,396,AVAILABLE,2026-06-17 09:54:59
0.0,971,0.82,LOW,30485.25,0.9,219.0,0.54,OUTSIDE,20.0,30463.0,BREACH,2026-06-17 11:59:58,2026-06-17 10:59:58,0.5,10.0,0.0,10.0,3,-182.0,2026-06-17:962-968:DynamicCompression,199.0,3,418.0,0.5,270,AVAILABLE,2026-06-17 09:59:58
,1508,1.0,HIGH,30650.0,0.26,157.0,-0.03,INSIDE,33.0,30649.0,BREACH,2026-06-19 10:44:58,2026-06-19 09:44:58,,19.0,,10.0,0,33.0,2026-06-19:1501-1507:DynamicCompression,124.0,1,281.0,,138,AVAILABLE,2026-06-19 08:44:58
1.0,1509,1.49,HIGH,30650.0,0.25,226.0,0.24,OUTSIDE,44.0,30658.0,BREACH,2026-06-19 10:49:58,2026-06-19 09:49:58,0.0,8.0,0.0,7.0,1,77.0,2026-06-19:1501-1507:DynamicCompression,182.0,2,408.0,1.0,209,AVAILABLE,2026-06-19 08:49:58
0.0,1510,0.74,HIGH,30650.0,0.31,70.0,-0.08,INSIDE,-4.0,30647.25,BREACH,2026-06-19 10:54:51,2026-06-19 09:54:51,0.5,8.0,0.5,7.0,0,73.0,2026-06-19:1501-1507:DynamicCompression,74.0,3,144.0,0.0,72,AVAILABLE,2026-06-19 08:54:51
0.0,1511,0.49,HIGH,30650.0,0.14,57.0,-0.02,INSIDE,-2.0,30649.25,BREACH,2026-06-19 10:59:39,2026-06-19 09:59:39,0.0,5.0,0.67,7.0,0,71.0,2026-06-19:1501-1507:DynamicCompression,59.0,4,116.0,0.0,59,AVAILABLE,2026-06-19 08:59:39
0.5,1512,1.45,HIGH,30650.0,0.49,249.0,-0.37,INSIDE,-15.0,30637.75,BREACH,2026-06-19 11:04:58,2026-06-19 10:04:58,1.0,19.0,1.0,29.0,0,56.0,2026-06-19:1501-1507:DynamicCompression,264.0,5,513.0,1.0,204,AVAILABLE,2026-06-19 09:04:58
1.0,1516,1.41,LOW,30617.25,0.21,107.0,-0.08,INSIDE,-84.0,30619.75,BREACH,2026-06-19 11:24:58,2026-06-19 10:24:58,0.25,6.0,0.75,17.0,0,-48.0,2026-06-19:1501-1507:DynamicCompression,191.0,1,298.0,0.63,154,AVAILABLE,2026-06-19 09:24:58
0.44,1517,0.55,LOW,30617.25,0.11,96.0,0.05,OUTSIDE,-16.0,30615.5,BREACH,2026-06-19 11:29:50,2026-06-19 10:29:50,0.67,14.0,0.67,10.0,1,-64.0,2026-06-19:1501-1507:DynamicCompression,112.0,2,208.0,0.33,88,AVAILABLE,2026-06-19 09:29:50
0.2,1518,1.09,LOW,30617.25,0.11,105.0,-0.54,INSIDE,4.0,30635.0,BREACH,2026-06-19 11:34:52,2026-06-19 10:34:52,0.5,9.0,0.9,25.0,0,-60.0,2026-06-19:1501-1507:DynamicCompression,101.0,3,206.0,0.3,104,AVAILABLE,2026-06-19 09:34:52
0.88,1524,1.13,LOW,30617.25,0.18,83.0,0.08,OUTSIDE,-61.0,30614.5,BREACH,2026-06-19 12:04:57,2026-06-19 11:04:57,0.06,4.0,0.75,16.0,1,-107.0,2026-06-19:1501-1507:DynamicCompression,144.0,4,227.0,0.38,128,AVAILABLE,2026-06-19 10:04:57
0.41,1525,1.33,LOW,30617.25,0.6,245.0,-0.07,INSIDE,-27.0,30619.5,BREACH,2026-06-19 12:09:58,2026-06-19 11:09:58,1.0,29.0,1.0,60.0,0,-134.0,2026-06-19:1501-1507:DynamicCompression,272.0,5,517.0,1.0,180,AVAILABLE,2026-06-19 10:09:58
0.22,1526,0.68,LOW,30617.25,0.11,59.0,0.11,OUTSIDE,14.0,30613.75,BREACH,2026-06-19 12:14:55,2026-06-19 11:14:55,0.11,4.0,0.0,4.0,1,-120.0,2026-06-19:1501-1507:DynamicCompression,45.0,6,104.0,0.0,70,AVAILABLE,2026-06-19 10:14:55
0.79,1527,0.76,LOW,30617.25,0.46,98.0,0.27,OUTSIDE,-48.0,30608.25,BREACH,2026-06-19 12:19:57,2026-06-19 11:19:57,0.26,5.0,0.74,16.0,2,-168.0,2026-06-19:1501-1507:DynamicCompression,146.0,7,244.0,0.47,145,AVAILABLE,2026-06-19 10:19:57
,1542,1.4,HIGH,30581.5,0.13,148.0,-0.03,INSIDE,27.0,30580.25,BREACH,2026-06-19 13:34:59,2026-06-19 12:34:59,,7.0,,15.0,0,27.0,2026-06-19:1535-1541:DynamicCompression,121.0,1,269.0,,148,AVAILABLE,2026-06-19 11:34:59
0.0,1543,0.5,HIGH,30581.5,0.14,166.0,0.09,OUTSIDE,1.0,30585.75,BREACH,2026-06-19 13:39:59,2026-06-19 12:39:59,1.0,10.0,0.0,14.0,1,28.0,2026-06-19:1535-1541:DynamicCompression,165.0,2,331.0,1.0,129,AVAILABLE,2026-06-19 11:39:59
1.0,1544,0.65,HIGH,30581.5,0.44,247.0,0.26,OUTSIDE,-67.0,30593.5,BREACH,2026-06-19 13:44:57,2026-06-19 12:44:57,1.0,39.0,1.0,65.0,2,-39.0,2026-06-19:1535-1541:DynamicCompression,314.0,3,561.0,1.0,227,AVAILABLE,2026-06-19 11:44:57
0.6,1583,0.57,HIGH,30695.75,0.02,336.0,-0.06,INSIDE,63.0,30691.5,BREACH,2026-06-19 16:59:56,2026-06-19 15:59:56,0.8,20.0,0.6,17.0,0,277.0,2026-06-19:1564-1577:DynamicCompression,273.0,1,609.0,0.8,307,AVAILABLE,2026-06-19 14:59:56
0.0,1584,0.59,HIGH,30695.75,0.02,333.0,-0.06,INSIDE,11.0,30692.0,BREACH,2026-06-19 17:04:59,2026-06-19 16:04:59,0.0,12.0,0.67,25.0,0,288.0,2026-06-19:1564-1577:DynamicCompression,322.0,2,655.0,0.83,321,AVAILABLE,2026-06-19 15:04:59
,2042,1.05,HIGH,29842.25,0.11,681.0,0.06,OUTSIDE,189.0,29848.0,BREACH,2026-06-23 13:14:58,2026-06-23 12:14:58,,40.0,,13.0,1,189.0,2026-06-23:2035-2041:DynamicCompression,492.0,1,1173.0,,626,AVAILABLE,2026-06-23 11:14:58
0.0,2043,0.67,HIGH,29842.25,0.06,531.0,-0.06,INSIDE,58.0,29836.5,BREACH,2026-06-23 13:19:56,2026-06-23 12:19:56,0.0,35.0,1.0,25.0,0,247.0,2026-06-23:2035-2041:DynamicCompression,473.0,2,1004.0,0.0,554,AVAILABLE,2026-06-23 11:19:56
1.0,2044,1.75,HIGH,29842.25,0.3,1475.0,0.0,INSIDE,299.0,29842.0,BREACH,2026-06-23 13:24:59,2026-06-23 12:24:59,1.0,108.0,1.0,32.0,0,546.0,2026-06-23:2035-2041:DynamicCompression,1176.0,3,2651.0,1.0,1185,AVAILABLE,2026-06-23 11:24:59
0.33,2045,1.18,HIGH,29842.25,0.04,775.0,-0.31,INSIDE,125.0,29814.0,BREACH,2026-06-23 13:29:59,2026-06-23 12:29:59,1.0,120.0,1.0,33.0,0,671.0,2026-06-23:2035-2041:DynamicCompression,650.0,4,1425.0,0.67,633,AVAILABLE,2026-06-23 11:29:59
0.0,2046,1.36,HIGH,29842.25,0.05,582.0,-0.16,INSIDE,52.0,29827.75,BREACH,2026-06-23 13:34:58,2026-06-23 12:34:58,0.0,25.0,0.5,25.0,0,723.0,2026-06-23:2035-2041:DynamicCompression,530.0,5,1112.0,0.25,545,AVAILABLE,2026-06-23 11:34:58
0.8,2047,1.37,HIGH,29842.25,0.18,732.0,0.11,OUTSIDE,249.0,29852.25,BREACH,2026-06-23 13:39:59,2026-06-23 12:39:59,0.6,43.0,0.2,20.0,1,972.0,2026-06-23:2035-2041:DynamicCompression,483.0,6,1215.0,0.6,592,AVAILABLE,2026-06-23 11:39:59
0.5,2048,0.7,HIGH,29842.25,0.34,920.0,0.28,OUTSIDE,175.0,29867.75,BREACH,2026-06-23 13:44:58,2026-06-23 12:44:58,0.17,28.0,0.17,18.0,2,1147.0,2026-06-23:2035-2041:DynamicCompression,745.0,7,1665.0,0.83,967,AVAILABLE,2026-06-23 11:44:58
1.0,2069,1.86,LOW,29691.75,0.19,2928.0,-0.32,INSIDE,-269.0,29718.75,BREACH,2026-06-23 15:29:59,2026-06-23 14:29:59,1.0,75.0,1.0,92.0,0,-184.0,2026-06-23:2059-2067:DynamicCompression,3197.0,1,6125.0,1.0,2492,AVAILABLE,2026-06-23 13:29:59
0.5,2070,4.23,LOW,29691.75,0.9,12303.0,-0.92,INSIDE,167.0,29768.25,BREACH,2026-06-23 15:34:59,2026-06-23 14:34:59,1.0,126.0,1.0,109.0,0,-17.0,2026-06-23:2059-2067:DynamicCompression,12136.0,2,24439.0,1.0,11905,AVAILABLE,2026-06-23 13:34:59
1.0,2071,3.43,HIGH,29775.0,0.27,8230.0,0.07,OUTSIDE,937.0,29780.75,BREACH,2026-06-23 15:39:59,2026-06-23 14:39:59,0.67,125.0,0.33,86.0,1,920.0,2026-06-23:2059-2067:DynamicCompression,7293.0,1,15523.0,0.67,7247,AVAILABLE,2026-06-23 13:39:59
1.0,2071,3.43,LOW,29691.75,0.25,8230.0,-1.07,OPPOSITE_OUTSIDE,937.0,29780.75,BREACH,2026-06-23 15:39:59,2026-06-23 14:39:59,0.67,125.0,0.33,86.0,0,920.0,2026-06-23:2059-2067:DynamicCompression,7293.0,3,15523.0,0.67,7247,AVAILABLE,2026-06-23 13:39:59
0.25,2072,1.82,HIGH,29775.0,0.37,4450.0,-0.31,INSIDE,-101.0,29749.25,BREACH,2026-06-23 15:44:59,2026-06-23 14:44:59,1.0,127.0,0.25,47.0,0,819.0,2026-06-23:2059-2067:DynamicCompression,4551.0,2,9001.0,0.5,4521,AVAILABLE,2026-06-23 13:44:59
0.2,2073,3.59,HIGH,29775.0,0.98,6378.0,0.52,OUTSIDE,-98.0,29818.25,BREACH,2026-06-23 15:49:59,2026-06-23 14:49:59,0.2,73.0,0.4,73.0,1,721.0,2026-06-23:2059-2067:DynamicCompression,6476.0,3,12854.0,0.6,6616,AVAILABLE,2026-06-23 13:49:59
0.83,2074,2.65,HIGH,29775.0,1.68,5558.0,1.22,OUTSIDE,612.0,29876.75,BREACH,2026-06-23 15:54:59,2026-06-23 14:54:59,0.5,91.0,0.5,78.0,2,1333.0,2026-06-23:2059-2067:DynamicCompression,4946.0,4,10504.0,0.5,5512,AVAILABLE,2026-06-23 13:54:59
0.0,2298,0.7,LOW,29793.75,0.03,142.0,-0.19,INSIDE,-18.0,29803.25,BREACH,2026-06-24 11:34:59,2026-06-24 10:34:59,0.5,8.0,0.5,18.0,0,-31.0,2026-06-24:2289-2295:DynamicCompression,160.0,1,302.0,1.0,160,AVAILABLE,2026-06-24 09:34:59
0.33,2299,0.73,LOW,29793.75,0.22,126.0,0.12,OUTSIDE,-22.0,29788.0,BREACH,2026-06-24 11:39:54,2026-06-24 10:39:54,0.67,10.0,0.33,10.0,1,-53.0,2026-06-24:2289-2295:DynamicCompression,148.0,2,274.0,0.33,165,AVAILABLE,2026-06-24 09:39:54
0.75,2300,0.7,LOW,29793.75,0.56,196.0,0.56,OUTSIDE,-41.0,29765.75,BREACH,2026-06-24 11:44:58,2026-06-24 10:44:58,0.75,10.0,0.5,10.0,2,-94.0,2026-06-24:2289-2295:DynamicCompression,237.0,3,433.0,1.0,225,AVAILABLE,2026-06-24 09:44:58
0.0,2310,0.7,HIGH,29821.25,0.24,378.0,0.12,OUTSIDE,13.0,29826.75,BREACH,2026-06-24 12:34:57,2026-06-24 11:34:57,0.0,17.0,1.0,25.0,1,98.0,2026-06-24:2302-2308:DynamicCompression,365.0,1,743.0,1.0,331,AVAILABLE,2026-06-24 10:34:57
0.0,2311,0.46,HIGH,29821.25,0.29,238.0,0.01,OUTSIDE,-11.0,29821.5,BREACH,2026-06-24 12:39:55,2026-06-24 11:39:55,0.0,15.0,0.5,19.0,2,87.0,2026-06-24:2302-2308:DynamicCompression,249.0,2,487.0,0.5,221,AVAILABLE,2026-06-24 10:39:55
0.67,2312,1.16,HIGH,29821.25,0.63,369.0,0.28,OUTSIDE,29.0,29834.25,BREACH,2026-06-24 12:44:57,2026-06-24 11:44:57,1.0,25.0,0.33,18.0,3,116.0,2026-06-24:2302-2308:DynamicCompression,340.0,3,709.0,0.67,344,AVAILABLE,2026-06-24 10:44:57
0.25,2313,0.71,HIGH,29821.25,0.31,224.0,0.02,OUTSIDE,-11.0,29822.25,BREACH,2026-06-24 12:49:54,2026-06-24 11:49:54,0.0,11.0,0.0,9.0,4,105.0,2026-06-24:2302-2308:DynamicCompression,235.0,4,459.0,0.25,250,AVAILABLE,2026-06-24 10:49:54
1.0,2314,0.83,HIGH,29821.25,0.03,144.0,-0.39,INSIDE,-94.0,29803.0,BREACH,2026-06-24 12:54:59,2026-06-24 11:54:59,0.0,6.0,1.0,28.0,0,11.0,2026-06-24:2302-2308:DynamicCompression,238.0,5,382.0,0.2,203,AVAILABLE,2026-06-24 10:54:59
0.57,2316,1.16,HIGH,29821.25,0.08,368.0,-0.21,INSIDE,37.0,29811.5,BREACH,2026-06-24 13:04:59,2026-06-24 12:04:59,0.57,18.0,0.86,25.0,0,140.0,2026-06-24:2302-2308:DynamicCompression,331.0,6,699.0,0.71,373,AVAILABLE,2026-06-24 11:04:59
1.0,2317,1.48,LOW,29774.0,0.08,322.0,-0.02,INSIDE,-170.0,29775.0,BREACH,2026-06-24 13:09:59,2026-06-24 12:09:59,0.25,14.0,0.38,17.0,0,-30.0,2026-06-24:2302-2308:DynamicCompression,492.0,1,814.0,1.0,390,AVAILABLE,2026-06-24 11:09:59
0.56,2318,0.82,LOW,29774.0,0.23,267.0,0.18,OUTSIDE,-40.0,29765.5,BREACH,2026-06-24 13:14:55,2026-06-24 12:14:55,0.78,21.0,0.56,18.0,1,-70.0,2026-06-24:2302-2308:DynamicCompression,307.0,2,574.0,0.44,279,AVAILABLE,2026-06-24 11:14:55
0.6,2319,0.84,LOW,29774.0,0.51,507.0,0.4,OUTSIDE,46.0,29755.0,BREACH,2026-06-24 13:19:59,2026-06-24 12:19:59,1.0,53.0,0.7,21.0,2,-24.0,2026-06-24:2302-2308:DynamicCompression,461.0,3,968.0,1.0,482,AVAILABLE,2026-06-24 11:19:59
0.0,2592,1.63,HIGH,30185.0,0.18,517.0,0.06,OUTSIDE,80.0,30187.5,BREACH,2026-06-25 13:04:59,2026-06-25 12:04:59,1.0,31.0,0.0,14.0,1,80.0,2026-06-25:2582-2589:DynamicCompression,437.0,1,954.0,1.0,450,AVAILABLE,2026-06-25 11:04:59
1.0,2593,1.62,HIGH,30185.0,0.06,288.0,-0.47,INSIDE,-124.0,30164.0,BREACH,2026-06-25 13:09:59,2026-06-25 12:09:59,0.33,10.0,1.0,40.0,0,-44.0,2026-06-25:2582-2589:DynamicCompression,412.0,2,700.0,0.67,308,AVAILABLE,2026-06-25 11:09:59
0.33,2596,1.52,LOW,30140.0,0.55,354.0,0.52,OUTSIDE,-30.0,30116.75,BREACH,2026-06-25 13:24:59,2026-06-25 12:24:59,0.33,20.0,0.17,12.0,1,-74.0,2026-06-25:2582-2589:DynamicCompression,384.0,1,738.0,0.67,392,AVAILABLE,2026-06-25 11:24:59
0.57,2597,0.86,LOW,30140.0,0.71,426.0,0.49,OUTSIDE,82.0,30117.75,BREACH,2026-06-25 13:29:59,2026-06-25 12:29:59,0.43,25.0,0.86,38.0,2,8.0,2026-06-25:2582-2589:DynamicCompression,344.0,2,770.0,0.86,366,AVAILABLE,2026-06-25 11:29:59
,2841,0.97,LOW,29444.25,0.48,0.0,0.46,OUTSIDE,0.0,29412.5,BREACH,2026-06-26 10:49:59,2026-06-26 09:49:59,,0.0,,0.0,1,0.0,2026-06-26:2834-2840:DynamicCompression,0.0,1,0.0,,0,MISSING,2026-06-26 08:49:59
,2842,0.95,LOW,29444.25,0.87,0.0,0.85,OUTSIDE,0.0,29385.0,BREACH,2026-06-26 10:54:59,2026-06-26 09:54:59,,0.0,,0.0,2,0.0,2026-06-26:2834-2840:DynamicCompression,0.0,2,0.0,,0,MISSING,2026-06-26 08:54:59
,2868,1.38,HIGH,29387.0,0.37,0.0,0.07,OUTSIDE,0.0,29390.5,BREACH,2026-06-26 13:04:58,2026-06-26 12:04:58,,0.0,,0.0,1,0.0,2026-06-26:2860-2866:DynamicCompression,0.0,1,0.0,,0,MISSING,2026-06-26 11:04:58
,2869,0.79,HIGH,29387.0,0.43,0.0,0.24,OUTSIDE,0.0,29398.0,BREACH,2026-06-26 13:09:58,2026-06-26 12:09:58,,0.0,,0.0,2,0.0,2026-06-26:2860-2866:DynamicCompression,0.0,2,0.0,,0,MISSING,2026-06-26 11:09:58
,2870,0.95,HIGH,29387.0,0.82,0.0,0.33,OUTSIDE,0.0,29402.25,BREACH,2026-06-26 13:14:58,2026-06-26 12:14:58,,0.0,,0.0,3,0.0,2026-06-26:2860-2866:DynamicCompression,0.0,3,0.0,,0,MISSING,2026-06-26 11:14:58
,2878,2.16,LOW,29354.5,1.04,0.0,0.94,OUTSIDE,0.0,29309.5,BREACH,2026-06-26 13:54:59,2026-06-26 12:54:59,,0.0,,0.0,1,0.0,2026-06-26:2871-2877:DynamicCompression,0.0,1,0.0,,0,MISSING,2026-06-26 11:54:59
,2879,1.58,LOW,29354.5,0.95,0.0,0.07,OUTSIDE,0.0,29351.0,BREACH,2026-06-26 13:59:58,2026-06-26 12:59:58,,0.0,,0.0,2,0.0,2026-06-26:2871-2877:DynamicCompression,0.0,2,0.0,,0,MISSING,2026-06-26 11:59:58
,2880,1.68,LOW,29354.5,0.38,0.0,-0.58,INSIDE,0.0,29382.0,BREACH,2026-06-26 14:04:56,2026-06-26 13:04:56,,0.0,,0.0,0,0.0,2026-06-26:2871-2877:DynamicCompression,0.0,3,0.0,,0,MISSING,2026-06-26 12:04:56
,2881,1.37,HIGH,29402.25,0.38,0.0,0.25,OUTSIDE,0.0,29414.25,BREACH,2026-06-26 14:09:59,2026-06-26 13:09:59,,0.0,,0.0,1,0.0,2026-06-26:2871-2877:DynamicCompression,0.0,1,0.0,,0,MISSING,2026-06-26 12:09:59
,2882,1.38,HIGH,29402.25,0.74,0.0,0.38,OUTSIDE,0.0,29420.5,BREACH,2026-06-26 14:14:58,2026-06-26 13:14:58,,0.0,,0.0,2,0.0,2026-06-26:2871-2877:DynamicCompression,0.0,2,0.0,,0,MISSING,2026-06-26 12:14:58
1.0,3130,1.5,LOW,29640.5,0.43,505.0,-0.12,INSIDE,-58.0,29646.0,BREACH,2026-06-29 11:54:57,2026-06-29 10:54:57,0.75,42.0,1.0,33.0,0,-36.0,2026-06-29:3119-3125:DynamicCompression,563.0,1,1068.0,1.0,482,AVAILABLE,2026-06-29 09:54:57
1.0,3132,1.22,HIGH,29688.25,0.32,379.0,0.15,OUTSIDE,91.0,29695.25,BREACH,2026-06-29 12:04:53,2026-06-29 11:04:53,0.0,13.0,0.83,28.0,1,28.0,2026-06-29:3119-3125:DynamicCompression,288.0,1,667.0,0.83,279,AVAILABLE,2026-06-29 10:04:53
0.14,3133,1.04,HIGH,29688.25,0.63,257.0,0.61,OUTSIDE,9.0,29717.5,BREACH,2026-06-29 12:09:57,2026-06-29 11:09:57,0.43,16.0,0.86,32.0,2,37.0,2026-06-29:3119-3125:DynamicCompression,248.0,2,505.0,0.57,210,AVAILABLE,2026-06-29 10:09:57
,3156,1.03,LOW,29697.0,0.08,310.0,-0.22,INSIDE,51.0,29711.0,BREACH,2026-06-29 14:04:54,2026-06-29 13:04:54,,15.0,,8.0,0,51.0,2026-06-29:3149-3155:DynamicCompression,259.0,1,569.0,,300,AVAILABLE,2026-06-29 12:04:54
0.33,3162,1.34,LOW,29697.0,0.06,447.0,-0.47,INSIDE,42.0,29726.75,BREACH,2026-06-29 14:34:59,2026-06-29 13:34:59,0.83,21.0,0.5,11.0,0,-54.0,2026-06-29:3149-3155:DynamicCompression,405.0,2,852.0,1.0,451,AVAILABLE,2026-06-29 12:34:59
1.0,3163,2.1,LOW,29697.0,0.3,376.0,0.24,OUTSIDE,-121.0,29682.0,BREACH,2026-06-29 14:39:59,2026-06-29 13:39:59,0.57,12.0,0.71,13.0,1,-175.0,2026-06-29:3149-3155:DynamicCompression,497.0,3,873.0,1.0,485,AVAILABLE,2026-06-29 12:39:59
0.13,3164,1.46,LOW,29697.0,0.75,521.0,0.36,OUTSIDE,-22.0,29674.5,BREACH,2026-06-29 14:44:59,2026-06-29 13:44:59,1.0,26.0,1.0,36.0,2,-197.0,2026-06-29:3149-3155:DynamicCompression,543.0,4,1064.0,1.0,556,AVAILABLE,2026-06-29 12:44:59
1.0,3681,0.54,HIGH,30365.0,0.3,143.0,0.16,OUTSIDE,68.0,30369.25,BREACH,2026-07-01 11:49:55,2026-07-01 10:49:55,0.0,6.0,1.0,9.0,1,82.0,2026-07-01:3673-3679:DynamicCompression,75.0,1,218.0,1.0,134,AVAILABLE,2026-07-01 09:49:55
0.5,3682,0.62,HIGH,30365.0,0.65,138.0,0.51,OUTSIDE,-37.0,30378.5,BREACH,2026-07-01 11:54:58,2026-07-01 10:54:58,0.5,7.0,1.0,11.0,2,45.0,2026-07-01:3673-3679:DynamicCompression,175.0,2,313.0,1.0,178,AVAILABLE,2026-07-01 09:54:58
1.0,3979,1.47,HIGH,30021.5,0.28,400.0,0.27,OUTSIDE,147.0,30036.25,BREACH,2026-07-02 13:39:58,2026-07-02 12:39:58,0.5,28.0,0.0,10.0,1,144.0,2026-07-02:3968-3976:DynamicCompression,253.0,1,653.0,1.0,315,AVAILABLE,2026-07-02 11:39:58
0.67,3980,1.67,HIGH,30021.5,0.79,665.0,0.66,OUTSIDE,62.0,30057.5,BREACH,2026-07-02 13:44:59,2026-07-02 12:44:59,1.0,105.0,0.67,50.0,2,206.0,2026-07-02:3968-3976:DynamicCompression,603.0,2,1268.0,1.0,513,AVAILABLE,2026-07-02 11:44:59
,4219,1.21,HIGH,29861.0,0.18,196.0,0.16,OUTSIDE,74.0,29865.5,BREACH,2026-07-03 10:39:58,2026-07-03 09:39:58,,22.0,,20.0,1,74.0,2026-07-03:4212-4218:DynamicCompression,122.0,1,318.0,,160,AVAILABLE,2026-07-03 08:39:58
0.0,4220,0.8,HIGH,29861.0,0.43,105.0,0.32,OUTSIDE,-40.0,29870.0,BREACH,2026-07-03 10:44:49,2026-07-03 09:44:49,0.0,8.0,1.0,26.0,2,34.0,2026-07-03:4212-4218:DynamicCompression,145.0,2,250.0,0.0,116,AVAILABLE,2026-07-03 08:44:49
,4244,1.56,HIGH,29884.0,0.44,512.0,0.44,OUTSIDE,372.0,29892.5,BREACH,2026-07-03 12:44:59,2026-07-03 11:44:59,,214.0,,13.0,1,372.0,2026-07-03:4237-4243:DynamicCompression,140.0,1,652.0,,154,AVAILABLE,2026-07-03 10:44:59
0.0,4245,0.94,HIGH,29884.0,0.54,66.0,0.08,OUTSIDE,-19.0,29885.5,BREACH,2026-07-03 12:49:48,2026-07-03 11:49:48,0.0,6.0,1.0,15.0,2,353.0,2026-07-03:4237-4243:DynamicCompression,85.0,2,151.0,0.0,74,AVAILABLE,2026-07-03 10:49:48
0.5,4246,0.3,HIGH,29884.0,0.23,32.0,0.08,OUTSIDE,-22.0,29885.5,BREACH,2026-07-03 12:54:53,2026-07-03 11:54:53,0.0,4.0,0.0,7.0,3,331.0,2026-07-03:4237-4243:DynamicCompression,54.0,3,86.0,0.0,51,AVAILABLE,2026-07-03 10:54:53
0.67,4247,0.59,HIGH,29884.0,0.27,46.0,-0.23,INSIDE,-35.0,29879.5,BREACH,2026-07-03 12:59:53,2026-07-03 11:59:53,0.67,6.0,1.0,20.0,0,296.0,2026-07-03:4237-4243:DynamicCompression,81.0,4,127.0,0.33,52,AVAILABLE,2026-07-03 10:59:53
0.83,4250,1.09,HIGH,29884.0,0.35,99.0,0.1,OUTSIDE,43.0,29886.0,BREACH,2026-07-03 13:14:58,2026-07-03 12:14:58,0.67,12.0,0.5,10.0,1,328.0,2026-07-03:4237-4243:DynamicCompression,56.0,5,155.0,0.67,72,AVAILABLE,2026-07-03 11:14:58
0.0,4251,0.61,HIGH,29884.0,0.28,60.0,-0.21,INSIDE,-3.0,29880.0,BREACH,2026-07-03 13:19:59,2026-07-03 12:19:59,0.86,24.0,0.29,9.0,0,325.0,2026-07-03:4237-4243:DynamicCompression,63.0,6,123.0,0.29,56,AVAILABLE,2026-07-03 11:19:59
0.13,4252,0.26,HIGH,29884.0,0.05,27.0,-0.08,INSIDE,9.0,29882.5,BREACH,2026-07-03 13:24:50,2026-07-03 12:24:50,0.0,3.0,0.0,3.0,0,334.0,2026-07-03:4237-4243:DynamicCompression,18.0,7,45.0,0.0,33,AVAILABLE,2026-07-03 11:24:50
0.9,4254,1.09,HIGH,29884.0,0.31,170.0,0.17,OUTSIDE,53.0,29887.25,BREACH,2026-07-03 13:34:44,2026-07-03 12:34:44,0.9,32.0,0.6,10.0,1,382.0,2026-07-03:4237-4243:DynamicCompression,117.0,8,287.0,0.9,116,AVAILABLE,2026-07-03 11:34:44
0.27,4255,0.61,HIGH,29884.0,0.28,49.0,-0.23,INSIDE,-10.0,29879.5,BREACH,2026-07-03 13:39:58,2026-07-03 12:39:58,0.45,10.0,0.64,10.0,0,372.0,2026-07-03:4237-4243:DynamicCompression,59.0,9,108.0,0.27,59,AVAILABLE,2026-07-03 11:39:58
0.83,4256,1.0,HIGH,29884.0,0.13,79.0,-0.44,INSIDE,-51.0,29875.5,BREACH,2026-07-03 13:44:58,2026-07-03 12:44:58,0.5,10.0,1.0,30.0,0,321.0,2026-07-03:4237-4243:DynamicCompression,130.0,10,209.0,0.67,77,AVAILABLE,2026-07-03 11:44:58
0.54,4257,0.56,HIGH,29884.0,0.0,108.0,-0.27,INSIDE,30.0,29878.75,TOUCH,2026-07-03 13:49:50,2026-07-03 12:49:50,0.77,15.0,0.62,12.0,0,351.0,2026-07-03:4237-4243:DynamicCompression,78.0,11,186.0,0.62,68,AVAILABLE,2026-07-03 11:49:50
0.93,4258,1.12,HIGH,29884.0,0.56,144.0,0.51,OUTSIDE,95.0,29894.0,BREACH,2026-07-03 13:54:54,2026-07-03 12:54:54,0.93,54.0,0.21,8.0,1,446.0,2026-07-03:4237-4243:DynamicCompression,49.0,12,193.0,0.64,72,AVAILABLE,2026-07-03 11:54:54
0.67,4259,1.0,HIGH,29884.0,1.23,213.0,0.99,OUTSIDE,-40.0,29903.25,BREACH,2026-07-03 13:59:59,2026-07-03 12:59:59,0.8,30.0,0.93,21.0,2,406.0,2026-07-03:4237-4243:DynamicCompression,253.0,13,466.0,0.93,172,AVAILABLE,2026-07-03 11:59:59
0.5,4461,1.15,LOW,29839.0,0.32,151.0,0.15,OUTSIDE,-23.0,29833.5,BREACH,2026-07-06 11:49:58,2026-07-06 10:49:58,0.5,8.0,1.0,16.0,1,-55.0,2026-07-06:4452-4458:DynamicCompression,174.0,1,325.0,1.0,177,AVAILABLE,2026-07-06 09:49:58
1.0,4462,2.5,HIGH,29875.0,0.29,383.0,0.23,OUTSIDE,87.0,29883.25,BREACH,2026-07-06 11:54:59,2026-07-06 10:54:59,1.0,11.0,0.33,5.0,1,32.0,2026-07-06:4452-4458:DynamicCompression,296.0,1,679.0,1.0,449,AVAILABLE,2026-07-06 09:54:59
1.0,4462,2.5,LOW,29839.0,0.2,383.0,-1.23,OPPOSITE_OUTSIDE,87.0,29883.25,BREACH,2026-07-06 11:54:59,2026-07-06 10:54:59,1.0,11.0,0.33,5.0,0,32.0,2026-07-06:4452-4458:DynamicCompression,296.0,2,679.0,1.0,449,AVAILABLE,2026-07-06 09:54:59
0.5,4463,0.65,HIGH,29875.0,0.38,133.0,0.06,OUTSIDE,-23.0,29877.0,BREACH,2026-07-06 11:59:59,2026-07-06 10:59:59,0.25,7.0,0.5,7.0,2,9.0,2026-07-06:4452-4458:DynamicCompression,156.0,2,289.0,0.5,182,AVAILABLE,2026-07-06 09:59:59
0.2,4464,1.3,HIGH,29875.0,0.46,252.0,-0.21,INSIDE,7.0,29867.5,BREACH,2026-07-06 12:04:55,2026-07-06 11:04:55,1.0,16.0,0.6,9.0,0,16.0,2026-07-06:4452-4458:DynamicCompression,245.0,3,497.0,0.8,255,AVAILABLE,2026-07-06 10:04:55
0.86,4466,1.23,HIGH,29875.0,0.1,138.0,0.1,OUTSIDE,40.0,29878.5,BREACH,2026-07-06 12:14:59,2026-07-06 11:14:59,0.43,8.0,0.43,7.0,1,57.0,2026-07-06:4452-4458:DynamicCompression,98.0,4,236.0,0.29,143,AVAILABLE,2026-07-06 10:14:59
0.88,4467,0.66,HIGH,29875.0,0.27,153.0,0.12,OUTSIDE,61.0,29879.25,BREACH,2026-07-06 12:19:59,2026-07-06 11:19:59,1.0,23.0,0.25,5.0,2,118.0,2026-07-06:4452-4458:DynamicCompression,92.0,5,245.0,0.38,119,AVAILABLE,2026-07-06 10:19:59
,5021,0.7,HIGH,29011.0,0.12,503.0,0.1,OUTSIDE,193.0,29020.25,BREACH,2026-07-08 12:29:59,2026-07-08 11:29:59,,38.0,,13.0,1,193.0,2026-07-08:5010-5020:DynamicCompression,310.0,1,813.0,,396,AVAILABLE,2026-07-08 10:29:59
0.0,5022,1.03,HIGH,29011.0,0.43,790.0,0.22,OUTSIDE,66.0,29030.75,BREACH,2026-07-08 12:34:59,2026-07-08 11:34:59,0.0,23.0,1.0,37.0,2,259.0,2026-07-08:5010-5020:DynamicCompression,724.0,2,1514.0,1.0,696,AVAILABLE,2026-07-08 10:34:59
,5036,3.27,HIGH,29033.0,1.53,1779.0,0.87,OUTSIDE,443.0,29085.25,BREACH,2026-07-08 13:44:59,2026-07-08 12:44:59,,110.0,,51.0,1,443.0,2026-07-08:5029-5035:DynamicCompression,1336.0,1,3115.0,,1286,AVAILABLE,2026-07-08 11:44:59
0.0,5037,1.06,HIGH,29033.0,1.22,677.0,0.78,OUTSIDE,5.0,29079.5,BREACH,2026-07-08 13:49:59,2026-07-08 12:49:59,0.0,26.0,0.0,30.0,2,448.0,2026-07-08:5029-5035:DynamicCompression,672.0,2,1349.0,0.0,663,AVAILABLE,2026-07-08 11:49:59
1.0,5288,1.55,LOW,29629.0,0.33,321.0,0.17,OUTSIDE,-82.0,29621.25,BREACH,2026-07-09 11:44:59,2026-07-09 10:44:59,1.0,23.0,1.0,16.0,1,-97.0,2026-07-09:5278-5286:DynamicCompression,403.0,1,724.0,1.0,340,AVAILABLE,2026-07-09 09:44:59
0.5,5289,0.63,LOW,29629.0,0.23,123.0,0.04,OUTSIDE,21.0,29627.0,BREACH,2026-07-09 11:49:57,2026-07-09 10:49:57,0.5,15.0,0.5,10.0,2,-76.0,2026-07-09:5278-5286:DynamicCompression,102.0,2,225.0,0.5,118,AVAILABLE,2026-07-09 09:49:57
0.67,5290,0.85,LOW,29629.0,0.09,205.0,-0.32,INSIDE,-44.0,29643.75,BREACH,2026-07-09 11:54:46,2026-07-09 10:54:46,0.33,13.0,1.0,66.0,0,-120.0,2026-07-09:5278-5286:DynamicCompression,249.0,3,454.0,0.67,170,AVAILABLE,2026-07-09 09:54:46
0.18,5298,0.81,LOW,29629.0,0.0,182.0,-0.31,INSIDE,-10.0,29643.5,TOUCH,2026-07-09 12:34:57,2026-07-09 11:34:57,0.64,15.0,0.91,23.0,0,-95.0,2026-07-09:5278-5286:DynamicCompression,192.0,4,374.0,0.73,172,AVAILABLE,2026-07-09 10:34:57
1.0,5301,1.59,LOW,29629.0,0.52,287.0,0.5,OUTSIDE,-166.0,29605.5,BREACH,2026-07-09 12:49:59,2026-07-09 11:49:59,0.43,13.0,0.93,24.0,1,-225.0,2026-07-09:5278-5286:DynamicCompression,453.0,5,740.0,1.0,390,AVAILABLE,2026-07-09 10:49:59
0.93,5302,1.73,LOW,29629.0,1.35,600.0,1.01,OUTSIDE,-156.0,29581.75,BREACH,2026-07-09 12:54:58,2026-07-09 11:54:58,0.73,18.0,0.93,40.0,2,-381.0,2026-07-09:5278-5286:DynamicCompression,756.0,6,1356.0,1.0,627,AVAILABLE,2026-07-09 10:54:58
